from,to
676,127
676,2867
676,2220
676,4353
676,5417
676,5019
676,1080
676,675
676,2298
676,1512
676,1812
676,1287
676,2188
2086,4735
2086,4709
2086,4628
5680,2123
5680,4085
5680,5900
5680,3602
5680,1199
5680,4104
5680,4572
5680,4967
5680,2082
5680,5019
5680,1529
5680,3377
5680,3834
5680,563
5680,2463
5680,3887
5680,1084
5680,758
5680,639
5680,905
5680,5213
5680,594
5680,3493
5680,37
5680,3242
5680,1668
5680,2241
5680,4293
5680,5047
5680,3770
5680,2379
5680,77
5680,159
5680,1380
5680,4386
5680,3135
5680,5837
5680,5025
5680,311
5680,4628
5680,6265
5680,6007
5680,3718
5680,3521
5680,232
5680,1153
5680,4427
5680,1608
5680,4463
5680,310
5680,2271
5680,2681
5680,2415
5680,5119
5680,4509
5680,5534
5680,634
5680,1604
5680,927
5680,2110
5680,1625
5680,6092
5680,5684
5680,4308
5680,2864
5680,2163
5680,4893
5680,5945
5680,3191
5680,4703
5680,4993
5680,3468
5680,2847
5680,4769
5680,794
5680,2465
5680,5210
5680,2048
5680,1232
5680,2880
5680,5946
5680,614
5680,1856
5680,1653
5680,1979
5680,3276
5680,900
5680,605
5680,337
5680,4864
5680,1156
5680,2478
5680,2469
5680,222
5680,5173
5680,113
5680,220
5680,849
5680,4646
5680,1329
5680,5216
5680,4566
5680,5730
698,303
698,958
698,1827
698,3838
698,6185
1146,1103
1146,6140
1146,4097
1146,5391
1146,5747
1146,2768
2159,2168
5532,4882
5532,3777
4417,3653
3496,3711
5439,4704
5439,1514
3773,563
3773,899
2067,5533
1200,563
3854,417
3854,2178
3854,1716
3854,2572
3854,5325
3854,1836
3854,4841
3854,2346
3854,2425
3854,3008
3854,5666
3854,3880
3854,4019
3854,32
3854,4718
3854,788
3854,2928
3854,3998
3854,3762
3854,1803
3854,183
3854,543
3854,602
3854,3166
3854,5098
3854,1696
3854,2948
3854,3039
3854,1606
3854,4167
3854,4130
4736,3211
4736,3533
4736,4371
3047,2225
5207,1252
5207,1462
5207,740
5207,202
5207,4856
5207,431
5207,1311
4205,420
1333,1347
1333,6254
1333,3509
1333,5770
1333,199
1333,2703
1333,1282
1333,4868
1333,6187
1333,2336
1333,1836
1333,4132
1333,182
1333,1090
1333,512
1333,6020
1333,1312
1333,2341
1333,2711
1333,244
1333,4480
1333,2670
1333,5288
1333,5903
1333,1335
1333,93
1333,4992
1333,881
1333,4
1333,6048
1333,1922
1333,5020
1333,1909
1333,1235
1333,3998
1333,4184
1333,4108
1333,1018
1333,3781
1333,2418
1333,1381
1333,2224
1333,4426
1333,3330
1333,2564
1333,2759
1333,5065
1333,6047
1333,4520
1333,3054
1333,3822
1333,5913
1333,4535
1333,2351
1333,1667
1333,2342
1333,4898
1333,2472
1333,3536
1333,4728
1333,3173
1333,3260
1333,5912
1333,5899
1333,5432
1333,1606
1333,5500
1333,3407
1333,4748
1333,2550
1333,5542
2618,500
2618,1056
4164,4256
2954,3563
2954,3715
4611,2899
4611,4301
4611,4524
4611,1770
4611,4726
4611,387
4611,6083
4611,1001
4611,5611
1941,3409
4785,5410
4785,4313
4785,6269
4785,2109
4785,2037
4785,4176
4785,181
4785,6183
4785,971
4785,4034
4785,50
4785,3304
4785,2358
4785,1698
4785,43
4785,1119
4785,4574
4785,1476
4785,1632
4785,1535
4785,3799
4785,5637
4785,2321
4785,3502
4785,1161
4785,617
4785,865
4785,3182
4785,427
4785,3613
4785,5106
4785,5918
4785,5676
4785,2584
4785,1243
4785,3081
4785,4862
4785,1580
4785,4985
4785,5714
4785,6016
4785,3266
4785,979
4785,1551
4785,4577
4785,1581
4785,3430
4785,661
4785,3186
4785,1407
4785,3388
4785,26
4785,1394
4785,4657
4785,882
4785,1917
4785,2267
4785,2023
4785,4129
4785,3562
4785,1574
4785,2338
4785,1930
4785,3452
4785,4218
4785,1742
4785,6082
4785,2537
4785,1377
4785,5152
4785,5337
4785,902
4785,4152
4785,2373
4785,4295
4785,978
4785,4297
4785,5299
4785,702
4785,1202
4785,4922
4785,518
4785,210
4785,4118
4785,4996
4785,2698
4785,6144
4785,2053
4785,207
4785,1063
4785,5950
4785,392
4785,4665
4785,2833
4785,4069
4785,5178
4785,193
4785,919
4785,5148
4785,5501
4785,2446
4785,2856
4785,4482
6254,4972
6254,3540
6254,3627
6254,2010
6254,5117
6254,1067
6254,6270
6254,5132
6254,5711
6254,4969
6254,4573
6254,5935
6254,1090
6254,6150
6254,2425
6254,2156
6254,5310
6254,1843
6254,90
6254,2247
6254,3244
6254,1755
6254,4955
6254,201
6254,1779
6254,2418
6254,3358
6254,4298
6254,2389
6254,5710
6254,1516
6254,1830
6254,975
6254,2831
6254,5905
6254,5947
6254,5881
6254,5705
6254,1317
6254,2995
6254,1110
6254,2011
6254,1291
6254,2240
6254,3777
6254,4908
6254,4486
6254,4928
5458,3230
5458,4639
5458,4760
5458,4809
5458,4950
5458,1583
5458,5562
1542,5543
1542,2130
1542,5569
1542,3349
1542,5889
2014,1688
2014,1254
2014,752
2014,2933
2014,4861
2014,3667
2014,1123
2014,1693
2014,988
2014,5923
2014,4061
2014,4341
2014,5830
2014,5116
2014,5659
2014,1079
2014,772
2014,6243
2014,6276
2014,556
2014,4352
2014,1842
2014,54
2014,586
2014,3179
2014,4875
2014,5104
2014,3257
2014,2574
2014,3320
2014,6146
2014,4599
2014,5392
2014,3253
2014,3884
2014,4546
2014,4091
2014,1068
2014,1111
2014,5975
2014,4487
2014,1789
2014,105
2014,2749
2014,5149
2014,5051
2014,4116
2014,3755
2014,5363
2014,4930
2014,6235
2014,3609
2014,1082
2014,655
2014,25
2014,1272
2014,4914
2014,3546
2014,1927
2014,3581
2014,204
2014,1910
2014,2859
2014,983
2014,4981
2014,3565
2014,275
2014,4367
2014,3670
2014,2710
2014,2755
2014,5866
2014,1493
2014,1314
2014,962
2014,2548
2014,2211
1446,330
1492,28
1492,343
1751,5298
1751,3175
1751,5748
1751,4939
1751,5340
1751,6250
1751,5277
1751,2448
1751,6247
1751,5724
1751,4519
1751,1516
1751,1976
1751,4877
1751,3849
1751,3019
1751,5728
3487,1881
2028,5907
2028,4419
2028,2483
825,2954
5929,5126
4907,205
5290,5998
1550,5780
1550,735
1550,2234
1550,1344
1550,5425
1550,1718
1550,3431
1550,4533
1550,4468
826,635
826,3649
4124,4243
4124,2950
4124,4448
4124,3257
4124,983
647,3763
4372,4954
4372,2021
4372,4976
5607,5072
5607,5886
5607,1072
5607,1778
5607,5861
5607,6096
5607,201
5607,5434
5607,4756
5607,2102
5607,4174
5607,2966
5607,157
1903,2666
1684,3217
3522,5588
3522,5959
3522,414
3522,4935
3522,239
3522,1362
3522,4175
1985,5374
1985,4379
1985,2353
1985,2854
1245,4210
686,6213
5143,4075
5143,1343
5143,5349
2292,4643
2292,3244
4263,1716
4263,2949
4263,831
2603,5248
2603,5521
2248,2742
2248,3106
5567,5727
2820,2602
2820,2965
2820,312
2820,2564
2820,2095
2820,5519
2820,767
2820,1279
2820,1811
2820,2593
2820,2566
5941,3571
5941,3607
5941,1273
5941,873
5941,201
5941,1609
5941,526
5941,3918
5941,5449
5941,1514
5941,5264
5941,5819
5941,5321
5941,3039
5941,1720
5941,4114
2423,5994
2423,1038
2423,2268
2423,1305
2423,202
690,5496
4569,289
4569,3390
4569,959
6074,2592
6074,5663
6074,5302
6074,2916
6074,1938
2763,5131
5884,5290
5884,2150
5884,4760
5884,2456
5884,2577
5884,4961
5884,5693
5884,4607
5884,1169
5884,4198
376,537
376,1840
376,5066
376,5964
376,5760
1618,1744
1618,3310
1618,4547
1618,28
1618,2070
1618,2659
1618,578
1618,1773
1618,6180
1618,894
1618,419
1618,3977
1618,190
1618,1220
1618,2018
1618,5764
1618,6148
1618,3475
1618,3945
1618,1258
1618,2896
1618,1609
1618,4298
1618,3017
1618,3934
1618,1516
1618,3688
1618,2559
1618,1304
1618,2581
1618,1393
1618,6102
1618,122
1618,3113
1618,4840
1618,1
1618,4410
1618,5642
1618,4483
1618,2320
1618,5973
1618,5358
1618,1553
1618,5908
1618,3586
5540,5024
5540,1941
5540,3761
5540,1416
5540,512
5540,5453
5540,4580
5540,3431
5540,2393
860,4949
860,3309
860,4321
6110,2006
532,2423
532,4121
532,2150
532,1950
532,4558
532,2012
532,4510
532,3019
532,4167
5491,3091
5491,5968
5491,1693
5491,2193
5491,2565
5491,3144
3454,3769
3454,2100
5303,5928
5303,3614
5303,211
5303,1220
5303,6107
5303,313
5303,5563
5695,164
3386,810
3386,5693
3386,1183
2501,5174
5256,2020
5256,5878
5256,3093
5256,3179
5256,5390
5256,3996
5256,3257
5256,2569
4717,5438
4717,1189
4717,3094
2770,773
2770,4274
2770,3454
2770,468
2770,2533
2770,3472
2770,5797
2770,3067
2770,628
2770,5348
2770,4857
2770,3882
2770,5376
5401,4066
5401,3855
5401,2192
3526,3396
3526,4362
3526,728
3526,5972
992,2240
1871,2193
1871,1572
1423,133
1423,4266
1636,4095
1636,3704
1636,4714
1636,4017
1636,5593
1636,2006
1636,5202
1636,3214
1636,1432
6270,4724
6270,5875
6270,3848
5487,4476
5487,5968
5487,2929
5487,3222
5487,682
5448,678
5448,485
5448,580
760,1969
760,2949
760,2970
609,2361
609,383
2326,3560
2326,5056
2326,3300
1571,2005
6087,6001
6087,170
6087,1909
6087,5883
6087,2564
6087,2160
6087,1271
248,2740
549,995
549,1664
549,3345
549,5848
549,5480
549,5481
549,404
549,5057
514,2274
514,1704
514,401
514,3749
514,1000
514,1864
514,2365
514,2439
514,4491
514,4710
514,2547
514,420
514,2579
514,3129
514,2479
514,4795
514,161
514,2036
514,2674
514,5844
514,5739
514,5176
3354,1312
3354,4548
3354,1220
3354,3938
3354,1445
3354,3249
3354,2022
3354,5798
5132,2883
4500,2894
4500,3050
4500,485
4500,474
4500,4656
4500,4557
4500,2316
4500,1255
4500,1585
4500,727
4500,2236
4500,2589
4500,423
4500,5092
4500,3179
4500,628
4500,4568
4500,3130
4500,3296
4500,274
4500,1752
4500,5964
4500,5305
4500,3960
4500,5030
4500,3305
4500,2749
4500,4162
4500,363
4500,179
4500,2100
4500,5385
4500,1299
5886,1347
5886,2119
5886,5510
5886,3726
5886,3697
5886,5905
5886,3514
5886,2152
5886,2351
5886,1138
5886,5292
5886,622
5886,3892
411,6189
411,82
411,2476
3619,4780
3619,2500
2750,4898
3862,3071
3862,3904
5878,3297
2893,5925
4120,4968
2533,272
1730,1255
1730,5584
1617,4611
1617,5076
1617,2041
1617,330
1617,5937
1617,4721
1617,3118
2482,4672
4248,892
4248,3793
2666,2914
2666,5369
2666,3174
2666,451
2666,1585
2666,5318
2666,2846
2666,1707
2666,4546
2666,4501
2666,4516
2666,2869
2666,3600
5827,4247
5827,705
5827,4284
5827,3255
5827,4684
5827,4680
5827,3254
5827,4622
5827,5043
1210,1988
1699,1804
1699,1631
4403,4868
5968,5491
5968,1293
5968,3526
5968,523
5968,4694
5968,5487
5968,1730
5968,1693
5968,1771
5968,6175
5968,584
5968,2555
5968,1255
5968,4741
5968,3676
5968,3225
5968,4618
5968,4620
5968,727
5968,2087
5968,3189
5968,5021
5968,255
5968,5546
5968,4472
5968,506
5968,4777
5968,1947
5968,3179
5968,3769
5968,3296
5968,4324
5968,4260
5968,3421
5968,2006
5968,5569
5968,2117
5968,1290
5968,5470
5968,2565
5968,1853
5968,5745
5968,1695
5968,5418
5968,2414
5968,179
5968,653
5968,3232
5968,2451
5968,5777
5968,4917
5968,2781
5968,4389
5968,3003
5968,5112
832,345
2282,3318
2282,5870
2282,2814
2282,5188
2282,335
2282,1904
2282,4368
2282,3979
4325,2616
4325,1991
4325,242
4325,1619
479,6275
479,5922
5015,6240
4547,5483
4547,5779
4547,3804
4547,1422
4547,2473
4547,1667
4547,6191
4547,4593
4547,4280
4547,4144
1693,506
1693,2929
4513,1255
1418,3425
1418,1425
3085,4242
3085,1148
3085,2172
3085,1216
3085,3424
3085,2904
3085,499
3085,1051
3085,4302
3085,712
3085,4373
3085,6043
3085,6206
3085,1793
3085,1196
3085,5230
3085,1745
3085,3623
3085,3914
3085,4438
3085,593
3085,4031
3085,4691
3085,757
3085,1323
3085,2761
3085,268
3085,1790
3085,3187
3085,3444
3085,5261
3085,6013
3085,6059
3085,6049
3085,3138
3085,3597
3085,266
3085,37
3085,1521
3085,5295
3085,5255
3085,4190
3085,769
3085,516
3085,3551
3085,5997
3085,2962
3085,5949
3085,245
3085,4105
3085,3357
3085,5531
3085,6019
3085,1154
3085,1098
3085,5832
3085,2570
3085,4511
3085,4892
3085,5641
3085,3453
3085,3827
3085,5484
3085,1868
3085,1813
3085,1024
3085,4628
3085,4201
3085,2116
3085,626
3085,2516
3085,1502
3085,1796
3085,1153
3085,4675
3085,4376
3085,1453
3085,1565
3085,1494
3085,5330
3085,5309
3085,169
3085,3686
3085,2081
3085,3366
3085,2932
3085,1164
3085,2376
3085,2271
3085,5209
3085,6151
3085,2038
3085,4651
3085,5504
3085,388
3085,1625
3085,160
3085,2314
3085,3121
3085,186
3085,4998
3085,5447
3085,6169
3085,5130
3085,5381
3085,1349
3085,1633
3085,5915
3085,1886
3085,3359
3085,2841
3085,4749
3085,2942
3085,1897
3085,3445
3085,2503
3085,3691
3085,5077
3085,3564
3085,4183
3085,2065
3085,921
3085,920
3085,5087
3085,4866
3085,1624
3085,4404
3085,4595
3085,4272
3085,2926
3085,3651
3085,6225
3085,3729
3085,440
3085,2530
3085,2202
3085,854
3085,6196
3085,2002
3085,301
3085,4924
3085,2617
3085,4170
3085,6284
3085,684
3085,5675
3085,5691
3085,3558
3085,4163
3085,2643
3085,5474
3085,5473
3085,4343
1170,5928
1170,2453
1170,4394
1170,1067
1170,4613
1170,4149
1170,5664
1170,1023
1170,4446
1170,5959
1170,4867
1170,5727
1170,1713
1170,627
1170,1946
1170,741
1170,441
1170,1220
1170,5394
1170,2112
1170,916
1170,3219
1170,4687
1170,3535
1170,6042
1170,1306
1170,3041
1170,5709
1170,5435
1170,1038
1170,4046
1170,2245
1170,3249
1170,1786
1170,6022
1170,5306
1170,246
1170,279
1170,5407
1170,3618
1170,5522
1170,1603
1170,2131
1170,5913
1170,5058
1170,3992
1170,928
1170,4328
1170,5819
1170,2240
1170,5912
1170,6114
1170,6131
1170,5503
1170,1091
1170,431
1170,326
1129,676
3900,4872
3900,159
3900,4587
2408,175
2408,3817
4763,4564
4763,2560
4763,3155
4763,4208
4763,4960
2664,4623
0,538
1142,3087
5629,1444
5629,3411
5629,3201
5629,4359
5629,1598
5629,5767
5629,1014
5629,5550
584,5962
2606,4469
2606,1720
1058,3649
1058,3923
1058,833
5740,2458
5740,4836
5740,859
5740,1777
5740,3504
5740,2580
5740,4945
5740,5235
5740,4995
5102,4390
3450,4645
3450,1893
3450,861
3450,3822
3450,1186
4878,1354
4878,631
5244,5345
5244,5199
4842,6080
4842,4242
4842,686
4842,3329
4842,3092
4842,633
4842,4846
4842,1762
4842,5917
4842,2499
4842,1285
4842,2658
1676,2871
1676,3207
1676,4940
1676,2029
1676,3488
1676,2235
1676,933
1676,416
1676,6219
1676,5091
1676,2793
1676,6040
1676,5170
1676,2194
1676,1096
1676,6211
1676,378
1676,24
1676,5988
1676,2991
1676,19
1676,5329
1676,5027
1676,5299
1676,6108
1676,1548
1676,645
1676,1218
3158,3867
3158,2010
3158,3310
3158,5664
3158,2825
3158,4868
3158,1615
3158,3107
3158,3474
3158,1584
3158,5276
3158,2604
3158,3281
3158,2247
3158,3760
3158,130
3158,1445
3158,1914
3158,1611
3158,6025
3158,2928
3158,1280
3158,3961
3158,2253
3158,543
3158,3669
3158,5953
3158,1978
3158,2960
3158,6252
3158,853
3158,3026
3158,6114
4296,3291
4296,4044
4296,2168
5923,5131
5923,3807
5923,880
4967,5223
2397,3270
2397,4971
4539,4243
4539,432
4539,75
4539,5964
4539,1683
4539,4825
3096,1801
3096,543
3096,4112
3096,1420
2587,366
2587,5220
2587,3429
2587,1965
2587,1941
2587,3868
2587,4907
2587,1545
2587,5072
2587,1716
2587,4488
2587,5646
2587,5018
2587,3555
2587,553
2587,3015
2587,3844
2587,2820
2587,735
2587,4028
2587,887
2587,6078
2587,2733
2587,2010
2587,2810
2587,1067
2587,2905
2587,377
2587,3801
2587,2167
2587,3389
2587,5588
2587,5748
2587,3217
2587,4329
2587,3911
2587,3202
2587,4613
2587,3310
2587,1671
2587,1087
2587,648
2587,528
2587,2125
2587,3229
2587,4868
2587,4296
2587,294
2587,5037
2587,5115
2587,5711
2587,1469
2587,2336
2587,3953
2587,4774
2587,1615
2587,221
2587,4446
2587,5267
2587,6158
2587,2196
2587,1936
2587,2934
2587,354
2587,1715
2587,339
2587,2969
2587,802
2587,4223
2587,5956
2587,4132
2587,1584
2587,4801
2587,3120
2587,1035
2587,3571
2587,182
2587,6223
2587,3995
2587,3441
2587,3738
2587,3323
2587,2007
2587,895
2587,2452
2587,3692
2587,1783
2587,3912
2587,2652
2587,777
2587,2883
2587,1852
2587,5782
2587,1773
2587,142
2587,2301
2587,5022
2587,5694
2587,2925
2587,2604
2587,1601
2587,10
2587,1037
2587,4852
2587,4379
2587,651
2587,5936
2587,691
2587,2777
2587,1483
2587,1224
2587,5970
2587,3969
2587,4220
2587,6279
2587,4153
2587,5328
2587,6236
2587,6195
2587,5288
2587,1412
2587,5806
2587,1335
2587,2171
2587,2957
2587,1220
2587,4103
2587,93
2587,3826
2587,3908
2587,3082
2587,302
2587,5544
2587,6190
2587,130
2587,4371
2587,5963
2587,2093
2587,4828
2587,1630
2587,3880
2587,426
2587,2494
2587,436
2587,1637
2587,5862
2587,1076
2587,797
2587,967
2587,5926
2587,2073
2587,4145
2587,1036
2587,6132
2587,3390
2587,312
2587,4627
2587,5100
2587,4285
2587,5709
2587,6025
2587,6251
2587,1505
2587,3709
2587,3803
2587,1809
2587,218
2587,4226
2587,2668
2587,5331
2587,2249
2587,1308
2587,1934
2587,1038
2587,3256
2587,814
2587,2928
2587,726
2587,1888
2587,2268
2587,2030
2587,5507
2587,3635
2587,6148
2587,3998
2587,2641
2587,2420
2587,3249
2587,5125
2587,1365
2587,1382
2587,5753
2587,5743
2587,1803
2587,2228
2587,5613
2587,5453
2587,4441
2587,259
2587,1869
2587,5818
2587,567
2587,6081
2587,2502
2587,2418
2587,3585
2587,5724
2587,5126
2587,391
2587,1288
2587,2290
2587,6107
2587,4534
2587,4505
2587,5998
2587,347
2587,3449
2587,1381
2587,5206
2587,61
2587,5434
2587,969
2587,2582
2587,4425
2587,5609
2587,449
2587,2729
2587,1878
2587,2648
2587,2968
2587,4626
2587,2741
2587,4181
2587,6058
2587,1340
2587,4109
2587,2435
2587,732
2587,2229
2587,4418
2587,524
2587,4543
2587,5856
2587,368
2587,2845
2587,5460
2587,4001
2587,4364
2587,2564
2587,739
2587,4415
2587,5552
2587,5519
2587,4756
2587,5407
2587,2759
2587,3615
2587,2767
2587,1364
2587,1069
2587,4159
2587,2377
2587,5799
2587,3480
2587,1417
2587,3639
2587,2364
2587,5913
2587,5953
2587,7
2587,49
2587,4535
2587,5326
2587,4123
2587,5391
2587,2281
2587,3418
2587,1962
2587,177
2587,1555
2587,4935
2587,3432
2587,2351
2587,5189
2587,3525
2587,2778
2587,4228
2587,1667
2587,4690
2587,4561
2587,5839
2587,5202
2587,1204
2587,3636
2587,1055
2587,1319
2587,3679
2587,4889
2587,2868
2587,4898
2587,4200
2587,1527
2587,4652
2587,1160
2587,4328
2587,5239
2587,723
2587,6212
2587,4433
2587,3406
2587,5755
2587,5576
2587,5006
2587,502
2587,1743
2587,5624
2587,4526
2587,5632
2587,4863
2587,1228
2587,3431
2587,1640
2587,4071
2587,5533
2587,478
2587,2995
2587,2256
2587,560
2587,3802
2587,1855
2587,2522
2587,4856
2587,2039
2587,1291
2587,2240
2587,5029
2587,385
2587,3039
2587,2683
2587,1616
2587,5992
2587,4723
2587,5912
2587,4187
2587,2349
2587,5575
2587,99
2587,3070
2587,1953
2587,941
2587,5570
2587,2467
2587,2091
2587,3642
2587,453
2587,2952
2587,1003
2587,5273
2587,267
2587,2169
2587,2
2587,5810
2587,1606
2587,243
2587,276
2587,2315
2587,3380
2587,2069
2587,4919
2587,4143
2587,282
2587,3459
2587,4851
2587,1403
2587,4554
2587,5728
2587,5863
2587,117
2587,3698
2587,3739
2587,3407
2587,666
2587,4692
2587,2098
2587,1451
2587,2550
2587,4054
2587,2886
2587,3134
2587,5603
2587,5668
2587,284
2587,352
2587,2764
2587,1351
2587,6109
2587,3124
2587,2731
11,2802
11,317
11,1044
11,3909
11,3023
11,1377
11,2280
11,1430
189,4321
189,6122
189,1478
189,3384
189,3044
189,4927
189,5745
189,2451
189,5888
1594,6164
1594,4770
1594,1562
5115,1612
5115,3217
5115,583
5115,182
5115,1663
5115,1037
5115,4836
5115,1263
5115,5007
5115,5955
5115,3856
5115,5336
5115,753
5115,3020
5115,4901
5115,3260
3517,4390
3517,1605
3517,4534
3517,2006
3517,4535
3517,2240
6069,1103
6213,4879
5871,5781
5871,5754
2339,335
2339,9
2339,5067
1908,5545
1872,5063
1872,5401
1872,5588
1872,1330
1872,4380
1872,4868
1872,221
1872,4444
1872,3120
1872,1090
1872,4941
1872,4826
1872,618
1872,2425
1872,1729
1872,5257
1872,130
1872,4682
1872,2303
1872,2018
1872,5926
1872,5435
1872,1960
1872,3006
1872,3806
1872,2437
1872,3116
1872,4921
1872,1017
1872,313
1872,281
1872,1573
1872,334
1872,1112
1872,2281
1872,2588
1872,5805
1872,2995
1872,3039
1872,2776
1872,4098
1872,2489
1872,5432
1872,6234
1872,1720
1872,5068
4779,485
4779,4055
4779,5715
4779,4079
4779,4484
4779,3784
4779,1298
4779,932
4779,3301
4779,4677
4779,2173
4779,815
4779,4254
4779,5177
4779,3315
4779,935
4779,3568
4779,1815
4779,3508
4779,3503
4779,1437
4779,2554
4779,3302
4779,5502
4779,5365
4779,3483
5991,6001
5991,5666
5991,130
5991,312
5991,5860
5991,2435
5991,3837
5991,4008
5991,84
5991,4408
5991,5731
5991,5296
5991,2920
5536,187
5536,5963
1011,5028
1011,2264
1011,1907
1011,2279
1011,4428
1011,2930
1011,4495
1011,5672
1011,4462
1011,3073
1011,3544
1011,5530
1011,217
1011,5518
1011,6259
1011,4897
1011,4315
1011,2850
1011,172
1011,6028
1011,5413
3737,722
1873,5814
1873,510
1865,3615
1865,2006
1865,1055
1865,2403
451,1086
5053,1103
5053,1023
5053,3120
5053,3735
5053,1919
5053,5496
5053,5222
5053,1586
5053,6277
5053,803
5053,4356
5053,1958
5492,2418
429,1333
429,6204
429,618
429,1925
429,2377
429,550
429,5343
5267,5469
4895,3018
4895,6143
4895,3682
135,6253
693,946
693,4950
693,5538
693,3798
3332,4831
4192,5072
4192,2820
4192,4022
4192,3622
4192,3165
4192,1151
4192,1021
4192,3137
4192,4220
4192,5405
4192,3643
4192,4645
4192,2972
4192,4605
4192,4014
4192,2701
4192,1473
4192,726
4192,1361
4192,201
4192,5475
4192,2505
4192,1609
4192,3916
4192,5710
4192,543
4192,2827
4192,1525
4192,874
4192,4608
4192,2364
4192,5425
4192,5922
4192,2152
4192,2281
4192,1817
4192,5958
4192,4410
4192,5127
4192,5264
4192,2948
4192,5687
4192,1342
4192,4727
4192,4965
4192,4167
4192,431
4192,4748
4192,2823
316,2477
6267,4580
2477,3747
2477,5520
3476,4841
3476,5022
3476,3743
5258,867
5258,4860
5258,741
5258,6053
5258,1057
5258,4186
5258,640
5258,550
5258,582
1180,772
3379,1347
3379,3052
3379,2141
3379,1310
3379,1220
3379,3166
3379,3103
340,1252
340,5483
340,3738
340,4768
340,5963
340,707
340,3303
340,1609
340,4590
340,775
340,1268
340,5912
340,4449
3264,4364
3264,3974
1225,4969
1225,2773
3353,4470
4982,71
1198,1456
1198,6030
1198,471
1198,3482
6222,2666
1737,2528
1737,1944
1737,2168
1737,486
1737,1667
1737,5795
1737,778
1737,6105
2481,2595
2481,2894
2481,4500
2481,5925
2481,2490
2481,1597
2481,235
2481,5783
2481,4265
2481,2064
2481,3943
2356,5814
2356,417
2356,1333
2356,3540
2356,5595
2356,5929
2356,1103
2356,5938
2356,5884
2356,3853
2356,568
2356,760
2356,6010
2356,3605
2356,5916
2356,2587
2356,4223
2356,4982
2356,4941
2356,2005
2356,2452
2356,142
2356,3137
2356,3281
2356,3826
2356,4605
2356,3855
2356,3567
2356,1089
2356,1036
2356,6048
2356,1519
2356,3221
2356,1248
2356,2380
2356,4955
2356,1373
2356,6208
2356,3866
2356,1833
2356,259
2356,5724
2356,4950
2356,5126
2356,5677
2356,1937
2356,2648
2356,1799
2356,4048
2356,368
2356,2845
2356,5557
2356,5552
2356,2827
2356,1392
2356,566
2356,5799
2356,5548
2356,5967
2356,4905
2356,1268
2356,1656
2356,3176
2356,2320
2356,4134
2356,541
2356,1743
2356,778
2356,5292
2356,3764
2356,2375
2356,2467
2356,3122
2356,2385
2356,951
2356,5003
2356,2874
2356,539
2356,1561
2356,5712
2356,4058
2356,4144
5247,2158
1255,2618
1255,659
1255,3563
1255,5788
1255,3526
1255,4500
1255,1730
1255,5968
1255,1693
1255,4513
1255,152
1255,1041
1255,2481
1255,3711
1255,383
1255,4240
1255,2216
1255,5021
1255,4059
1255,4732
1255,2644
1255,5204
1255,3067
1255,3179
1255,101
1255,5311
1255,6263
1255,6216
1255,4991
1255,5783
1255,5440
1255,6012
1255,5617
1255,4442
1255,2913
1255,6167
1255,2961
1255,1002
6177,4643
6177,417
3548,4592
2445,3731
2445,5965
2445,648
2445,4667
2445,5284
2445,1108
2445,1865
2445,3332
2445,2477
2445,1584
2445,2583
2445,1092
2445,6180
2445,5829
2445,5340
2445,419
2445,5911
2445,5373
2445,3519
2445,3419
2445,1920
2445,5914
2445,396
2445,1583
2445,2272
2445,200
2445,1881
2445,4754
2445,1379
2445,4102
2445,5469
2445,3397
2445,5802
2445,1749
2445,4530
2445,1657
2445,4228
2445,399
2445,4498
2445,1718
2445,4960
2445,5520
2445,5640
2445,3075
2445,262
2445,1326
2445,5981
2445,2331
3027,714
3027,2055
512,5072
512,1092
512,5926
512,1634
512,5932
512,717
512,4935
512,73
512,3351
2836,4296
2836,5259
2836,3346
5159,5115
5159,4182
5159,5191
5159,2137
5159,5301
4035,1375
4035,3880
4035,2062
4035,4266
4035,2240
1136,5885
1136,5592
4581,4004
437,2184
437,2778
437,2320
2950,3091
2179,3844
2179,1618
2179,2888
2179,377
2179,2959
2179,4547
2179,4671
2179,5711
2179,4762
2179,1528
2179,4133
2179,340
2179,4867
2179,578
2179,3912
2179,2405
2179,1222
2179,3369
2179,5911
2179,3275
2179,5590
2179,3157
2179,4369
2179,333
2179,1511
2179,218
2179,5331
2179,3249
2179,557
2179,5804
2179,1609
2179,1721
2179,5354
2179,740
2179,4558
2179,1801
2179,3916
2179,3017
2179,1388
2179,5519
2179,84
2179,6008
2179,4439
2179,1538
2179,4179
2179,2611
2179,6282
2179,4935
2179,3832
2179,4414
2179,6067
2179,4623
2179,5184
2179,2472
2179,5488
2179,3710
2179,1484
2179,3777
2179,4280
2179,834
2179,4885
2179,1191
2179,4696
2179,4831
2179,4937
2179,3848
2179,2874
2179,6210
2179,4748
2179,5004
2179,6249
2179,1301
2179,1810
2179,857
705,1685
418,2981
418,1883
418,1579
418,5328
418,2986
418,312
418,2543
418,1934
418,1462
418,3550
418,2495
418,5763
418,1356
418,4798
418,3338
418,749
418,1138
418,17
418,4637
6032,2451
2652,379
2652,2740
2652,2160
2652,3438
1605,5646
4155,225
4155,619
777,58
3287,4127
3287,3214
3287,4351
3287,3039
2883,3039
646,137
1991,5745
3247,2578
3247,1717
3247,1467
3247,5487
3247,5827
3247,5968
3247,5044
3247,1693
3247,6101
3247,152
3247,1676
3247,2685
3247,1178
3247,3284
3247,506
3247,5581
3247,1766
3247,5361
3247,320
3247,1602
3247,2708
3247,1111
3247,2749
3247,3079
3247,5745
3247,2388
3247,5825
1405,1103
1405,5646
1405,3844
1405,5582
1405,69
1405,6010
1405,0
1405,6187
1405,3165
1405,3845
1405,3290
1405,1354
1405,4132
1405,2477
1405,182
1405,1782
1405,4319
1405,2445
1405,5300
1405,3104
1405,6075
1405,5766
1405,998
1405,2247
1405,5750
1405,3760
1405,2632
1405,2073
1405,4739
1405,788
1405,4046
1405,4108
1405,1382
1405,5469
1405,2215
1405,874
1405,6207
1405,2203
1405,3054
1405,5425
1405,1748
1405,150
1405,3506
1405,2152
1405,5853
1405,1514
1405,1657
1405,2022
1405,3306
1405,2027
1405,723
1405,2855
1405,4712
1405,5683
1405,4856
1405,5520
1405,2240
1405,4392
1405,3796
1405,542
1405,153
1405,1958
4215,1718
3746,1467
3746,2732
5895,3085
5986,3531
1066,2651
1066,6111
1066,5385
2370,2635
2370,1958
2370,4711
142,377
142,4540
142,2883
142,2604
142,2721
142,6245
142,3111
142,6252
2301,4868
2301,1508
2301,5403
2301,3880
2301,4959
2301,5190
2301,4441
2301,265
2301,3615
2301,2594
2301,4009
2301,1112
2301,2826
2301,4666
2301,4475
2301,374
2687,5959
2687,5088
2306,2167
2306,3072
6238,2049
2908,4986
2908,4356
5294,3844
5294,5442
5294,248
5294,4570
5294,2184
5294,547
5294,1615
5294,3393
5294,4941
5294,270
5294,6180
5294,4916
5294,1220
5294,5286
5294,1498
5294,147
5294,2255
5294,3057
5294,2896
5294,1857
5294,3839
5294,751
5294,2062
5294,5734
5294,4608
5294,3682
5294,5922
5294,6033
5294,730
5294,2256
5294,1110
5294,3019
5294,5003
5294,2807
5294,521
5698,5968
5843,4066
5843,3395
5843,5768
477,3967
2661,2045
2661,6175
4957,4699
4957,6285
642,3653
1233,3120
1233,3071
1233,3141
1233,3214
1072,5394
1072,4687
1072,1808
1072,4638
1072,4756
1072,5905
1072,5768
5896,5740
1710,4001
1710,4283
986,1317
3405,2119
3405,6077
3405,2243
3405,3550
3405,5235
96,1615
96,1397
96,5910
357,5014
750,5919
1120,1839
1120,2006
2449,2119
5789,1103
5789,1883
5789,3629
5789,1805
5789,3743
5038,1730
5038,5968
5038,832
5038,5923
5038,3179
5038,1143
5038,2565
5038,2612
5038,351
5038,2100
2797,4133
2797,5890
2797,5794
2797,4114
5314,5596
5314,4837
5314,4142
5314,4032
5314,1882
5314,1430
5855,1791
5855,273
5855,4907
5855,2010
5855,3571
5855,4090
5855,6230
5855,5529
5855,2728
5855,3500
5855,4415
4691,2066
4691,4467
4691,2145
4691,607
4691,3045
4691,2621
4691,2201
6145,6242
6145,2126
6145,1848
6145,3355
6145,4869
6145,1441
6145,3922
6145,5304
6145,154
6145,842
6145,5859
6145,5070
6145,1547
6145,4101
6145,5411
6145,5426
6145,689
6145,2221
6145,2691
4447,1072
4447,2599
2642,468
2642,1358
2642,2666
2642,6159
2642,1468
2642,3208
2642,3753
2642,4673
2642,1752
2642,2297
2642,530
2642,6134
2642,204
2642,5082
2642,1910
2642,3527
2642,1114
2642,435
4304,892
4304,1104
5690,5174
1149,129
1149,4281
1149,1269
1149,2743
3196,3356
3196,4135
3196,3090
3196,4147
3196,4802
3196,4363
3196,2414
3196,3719
3196,5393
3196,4043
3196,3546
3196,1927
3196,3581
3196,1028
3196,204
3196,5376
3196,3670
3196,439
3196,962
3196,4082
3196,3030
3196,724
3196,2211
3196,5252
3196,3591
3196,869
3196,866
3196,4506
3196,2615
3196,192
3196,5627
5076,4721
5857,1103
5857,5585
5857,4028
5857,1067
5857,2980
5857,5483
5857,339
5857,3951
5857,1312
5857,2136
5857,5545
5857,6044
5857,4760
5857,436
5857,2471
5857,3334
5857,4300
5857,4108
5857,2233
5857,1733
5857,1803
5857,1422
5857,770
5857,4626
5857,5433
5857,4181
5857,2350
5857,5538
5857,4283
5857,5129
5857,1268
5857,6067
5857,625
5857,5887
5857,2966
5857,5882
5857,2716
1147,6039
3235,3854
3750,1909
3750,3195
3750,1228
3750,5218
3750,5662
998,1615
998,3629
998,201
998,200
998,2143
998,82
998,2992
2713,5030
5328,2336
5328,121
5328,1445
5328,35
5328,4010
4598,410
4598,6051
4618,5783
4618,2568
4618,1828
4618,3232
1913,365
3835,2006
5446,4612
5446,1050
5446,4650
5446,4298
5446,5919
5446,2900
5446,4701
1628,417
1628,4613
1628,4149
1628,5248
1628,5037
1628,6190
1628,1048
1628,5533
1628,3915
1628,3177
1837,2751
1837,812
1837,2181
1837,3808
1837,1911
1837,497
1837,3603
1837,5120
1837,5419
1837,2258
1837,5757
1837,1738
1837,4578
1837,2892
1837,4761
1837,2369
1837,3259
1837,3791
1837,2524
1837,306
1837,5639
1837,3491
1837,457
1837,3524
1837,520
1837,1427
1837,3212
1837,2891
1837,287
1837,5735
1837,1352
1837,6076
1837,2421
1837,2645
1837,1560
1837,3132
1837,2939
1837,710
1837,3478
1837,3515
1837,4354
1837,3382
1837,4813
1837,3294
1837,2597
1837,1366
1837,987
1837,4455
1837,3928
1837,4311
1837,4710
1837,745
1837,1968
1837,2328
1837,4374
1837,2310
1837,3713
1837,2302
1837,2901
1837,1188
1837,251
1837,3647
1837,2032
1837,4765
1837,3652
1837,4146
1837,2416
1837,223
1837,6280
1837,1455
1837,3584
1837,1877
1837,4375
1837,5628
1837,6135
1837,3973
1837,5454
1837,1270
1837,5089
1837,6226
1837,4278
1837,2165
1837,3481
1837,2470
1837,3518
1837,1948
1837,3170
1837,509
1837,548
1837,3659
1837,2953
1837,6174
1837,2431
1837,4843
1837,6006
1837,571
1837,1595
1837,2197
1837,1278
1837,768
1837,1854
1837,5168
1837,5387
1837,2213
1837,6166
1837,6178
1837,2395
1837,4823
1837,4845
1837,2312
1837,2313
1837,5494
1837,2054
1837,2219
1837,4918
1837,3016
1837,2790
1837,4497
1837,1173
1837,1139
1837,5784
1837,4465
1837,2286
1837,5472
1837,5605
1837,3447
1837,3671
1837,1959
1837,1179
1837,688
1837,1440
1837,6024
1837,2426
1837,3673
1837,3675
1837,67
1837,5471
1837,3888
1837,1162
1837,2454
1837,947
1837,948
1837,1899
1837,5948
1837,587
1837,1847
1837,3732
1837,5180
1837,4978
1837,1099
1837,1262
1837,672
1837,918
1837,2997
1837,358
2332,2302
2332,4126
1818,5564
5903,892
5903,5664
5903,5511
361,6175
361,3612
361,3769
361,2079
361,6
361,4689
4002,5079
5806,3499
5806,332
3239,1067
3239,4149
3239,4868
3239,211
3239,5959
3239,4988
3239,2836
3239,1312
3239,4480
3239,1445
3239,508
3239,2289
3239,2586
3239,1833
3239,1265
3239,2845
3239,2281
3239,3059
3239,1133
3239,2538
3239,3283
3239,944
3239,5061
3239,1475
3239,2830
4232,2248
2835,1981
2835,4413
2835,2796
5960,994
5960,2017
5960,4656
5960,3744
5960,4784
5960,1431
5960,2071
5960,1795
5960,4240
5960,727
5960,3649
5960,55
5960,3384
5960,3067
5960,41
5960,5181
5960,6113
5960,1143
5960,5617
5960,3198
5960,4221
5960,2743
5960,2749
5960,4641
5960,4791
5960,5836
5960,1702
5960,5380
5961,1280
5961,2765
1335,3231
1335,2689
1335,259
1335,5285
1335,2022
1335,5811
5422,568
5422,5943
5422,1090
5422,4279
5422,1021
5422,3295
5422,5547
5422,5398
5422,2804
5422,2034
5422,3611
5422,4275
5422,1357
5422,3086
5422,2437
5422,696
5422,4882
5422,491
5422,4935
5422,4623
5422,4552
5422,4526
5422,4835
5422,2636
5422,2720
5422,4742
5347,4223
5347,1220
5347,2154
5347,2464
5347,2795
5347,1462
5347,2225
5347,183
5347,4935
5347,1169
3583,5151
3583,5429
3162,6175
3162,923
3162,2598
3162,643
3162,704
3162,4139
3162,3004
6230,5646
6230,4466
3898,3912
3898,2225
3898,1516
3898,3840
3898,664
3898,5840
3823,2600
641,6175
3826,35
3470,3133
3470,5974
873,1103
98,5248
98,182
98,370
98,4642
98,4021
98,313
98,5736
2589,4656
2589,189
2589,5142
2589,2354
2589,2859
2193,4557
2193,1650
2193,727
2193,6122
2193,2638
2193,5966
2193,5226
2193,1111
2193,2749
3920,5155
3920,456
3920,3534
3920,4757
3920,476
3920,3401
3920,44
3920,5123
3920,6278
3920,5090
1295,165
949,5401
949,4136
949,2542
949,3735
949,5397
6221,3507
6221,1472
6221,1567
4645,4570
4645,4269
4645,3273
2210,1092
5993,4613
4910,3760
3836,2651
4934,2230
4934,3088
4934,4508
4934,2591
4934,3245
4934,3136
3439,5030
3439,558
3439,1144
5144,859
5225,2631
5225,4762
5225,3398
5225,3682
5225,6057
1577,1347
1577,2936
1577,3664
1577,23
1577,1354
1577,578
1577,3323
1577,5459
1577,1353
1577,5544
1577,960
1577,3829
1577,185
1577,1573
1577,2006
1577,6054
1577,4530
1577,3919
1577,122
1577,2281
1577,6285
1577,4174
1577,202
1577,2966
1577,153
1577,4817
1501,4056
1501,2883
1501,5507
1501,4021
3535,3853
3535,777
3535,701
3535,3367
3649,2871
3649,4669
3649,3722
3649,3526
3649,70
3649,3667
3649,485
3649,474
3649,4656
3649,3616
3649,1418
3649,988
3649,4243
3649,2121
3649,1728
3649,4990
3649,2517
3649,2730
3649,3408
3649,3263
3649,4758
3649,5960
3649,1345
3649,5142
3649,2434
3649,1880
3649,743
3649,5172
3649,5893
3649,6276
3649,4782
3649,4596
3649,4630
3649,4352
3649,3923
3649,2780
3649,592
3649,964
3649,3179
3649,1558
3649,1679
3649,5741
3649,3161
3649,3988
3649,2235
3649,2929
3649,5311
3649,2812
3649,3250
3649,669
3649,6240
3649,131
3649,3296
3649,4991
3649,5154
3649,4025
3649,3464
3649,536
3649,2568
3649,804
3649,2153
3649,4737
3649,1870
3649,5305
3649,5623
3649,1764
3649,2484
3649,4799
3649,4083
3649,3005
3649,3755
3649,179
3649,4395
3649,3604
3649,2680
3649,1102
3649,2549
3649,3215
3649,5385
3649,2859
3649,4229
3649,983
3649,2105
3649,1122
3649,4435
3649,4981
3649,731
3649,2424
3649,5380
3649,4326
3880,3566
4830,3429
4830,6250
4830,5350
4346,5858
6061,3684
1590,5434
5157,3969
5157,6034
5157,3677
5157,5897
6039,2960
5890,5513
5890,2666
5890,5545
3855,6252
4369,777
4473,5878
4473,5718
4644,6062
4527,4411
4527,5072
4527,806
4527,1537
4527,5037
4527,802
4527,3571
4527,244
4527,1220
4527,2295
4527,5453
4527,4165
4527,137
4527,2599
4527,3703
4527,2827
4527,3378
4527,2366
4527,165
4527,1184
4527,1215
4527,3233
4527,2697
4527,2467
4527,453
4527,153
4527,747
4527,1169
4527,4748
4527,3851
859,5298
859,4004
859,1600
859,5604
859,4066
859,3206
859,4774
859,2624
859,4250
859,3120
859,3907
859,3571
859,3912
859,346
859,4797
859,4346
859,4708
859,5764
859,5355
859,6036
859,5240
859,903
859,3034
859,35
859,87
859,526
859,79
859,3089
859,2062
859,1516
859,679
859,2513
859,2006
859,5511
859,1324
859,1514
859,94
859,668
859,5264
859,3166
859,2650
859,3681
859,3412
859,4070
859,1761
859,4114
859,371
859,4173
596,3096
596,6098
596,2006
596,4530
596,787
596,2094
596,3949
596,1531
596,6095
6015,1985
6015,5434
6015,5308
6015,2748
1536,3425
911,1214
911,670
911,4748
5846,3854
1171,3769
3573,4393
3573,1708
3573,5911
3701,3196
3574,6008
3833,2753
3833,4037
3833,6124
3833,3846
3833,1898
4206,2842
4206,1325
6079,727
6079,4891
6079,2821
6079,5657
6079,5957
3519,1539
3041,2360
3041,5886
3041,1658
3041,3877
3041,3930
3041,2656
3041,2124
3041,3019
3041,143
3390,4066
1823,1944
4800,2531
4800,2084
4821,6141
4821,4251
4821,3576
4821,4420
4821,2444
4821,4384
2600,4154
2600,3390
5654,2263
5654,1383
5654,6259
5654,1283
5654,3993
2387,5132
2387,2445
2387,788
2387,1174
2387,5430
296,3249
296,84
6052,786
6052,4204
6052,439
3803,517
3803,4194
3803,817
3803,1999
6035,3540
1858,5072
2448,5132
2448,4969
2448,1090
2448,2458
2448,3390
2448,4633
2448,5660
2448,748
2448,3431
2448,622
2727,66
2727,4712
5706,859
5706,1516
5706,2845
5706,4652
5706,5488
4352,3421
5726,5072
5726,3523
5726,4040
1926,3545
1926,1483
1926,5469
1926,3432
1926,2049
1926,2486
1926,1193
4084,3653
1300,4612
2464,5225
4472,2361
4472,2337
4472,4832
4472,4956
2640,3287
2640,550
2780,3425
4253,4587
1315,6172
3303,1866
3303,1972
2255,3540
2255,2458
2255,5099
2255,2928
2255,5354
2255,3822
2255,5877
2255,5488
2255,118
2255,5341
1185,1998
1185,1516
1185,4197
687,6008
1909,6156
2268,1700
2268,2440
2605,5646
1826,5490
1826,3087
1826,472
1826,3694
1826,92
1826,4792
1826,6201
1826,4825
1826,6231
1826,5880
1826,3740
1826,910
1826,4063
1826,5619
1826,3055
1826,2266
1826,2092
1826,3066
1826,5888
1826,5042
1826,6161
1826,5162
1826,5161
1826,5689
1826,4366
1826,4750
1826,4751
1826,4752
1826,324
1826,5463
1826,4912
1826,2492
1826,2162
1826,106
1826,4481
1826,1806
1826,403
1826,5171
1826,2766
1826,4018
1826,2655
1826,3542
1987,1615
1987,96
1987,5191
1987,3785
1987,2006
1987,2647
1987,4010
1987,327
1987,132
2654,4181
3592,366
3592,3018
3592,5770
3592,4296
3592,6001
3592,3735
3592,4532
3592,459
3592,6202
3592,3071
3592,3249
3592,35
3592,5434
3592,3916
3592,5794
3592,2990
3592,66
3592,2152
3592,2276
3592,6084
3592,670
3592,153
3592,3267
3592,5215
3592,4114
3592,1313
3592,1593
3592,4306
792,5483
792,1934
792,1963
792,1514
792,3407
112,3649
444,2445
444,663
5113,5372
5113,513
5113,2031
5113,5456
5113,3279
5113,6126
5113,1181
5113,3420
5113,4796
5113,5278
5113,5450
5113,2794
5113,551
5113,3917
5113,3343
5113,5486
5113,3891
29,777
29,2270
1322,5569
4777,5256
4777,1730
4777,5968
4777,2558
4777,1523
4777,734
4777,506
4777,2929
4777,4360
4777,5385
2983,2073
5075,6175
4195,3829
4195,5848
5251,983
1398,2845
4688,3620
4688,2084
6124,6064
2545,1226
2545,3431
5835,4791
5527,2929
2987,5650
2987,1224
2987,543
2987,4530
3179,1730
3179,1693
3179,3699
3179,4672
3179,3711
3179,821
3179,5783
852,2397
852,1951
852,4260
852,6012
852,973
852,3000
852,746
852,3126
852,3194
482,1514
482,2240
482,4167
3241,1744
3241,5541
3241,3821
3241,2272
3241,200
3241,308
3516,1304
3945,5561
5845,5248
4299,5861
1803,2364
2076,563
3550,2477
2785,1605
2785,4975
2785,670
2785,5136
2785,331
171,3768
171,5200
5016,512
5016,3249
5016,1357
3876,6208
3876,297
3876,2342
1422,2687
1422,2152
201,2637
201,141
5661,6070
926,4643
5821,6172
5821,5634
5821,4114
330,2086
330,3902
330,2480
330,5197
330,4654
330,4611
330,5643
330,5371
330,2964
330,5485
330,1623
330,1617
330,2204
330,2408
330,4674
330,5523
330,3497
330,314
330,2206
330,1770
330,5467
330,2890
330,4334
330,4023
330,1726
330,5076
330,6026
330,4872
330,1788
330,3145
330,1754
330,434
330,3559
330,330
330,4156
330,4400
330,1661
330,619
330,4721
330,496
330,5334
330,4575
330,3624
330,4007
330,2737
330,406
330,888
330,4214
330,1413
330,4016
330,937
330,840
330,4587
330,3118
330,2870
330,2873
330,3778
330,3767
330,4211
330,6121
330,3153
330,2527
330,3448
330,5560
330,2525
4531,5922
35,1994
35,5088
35,1447
35,2488
35,670
2806,3653
2806,6273
4461,4220
4461,5500
4165,5883
3314,1421
2088,4379
5455,3371
422,5770
422,3936
422,6078
422,370
422,4739
422,168
422,6215
422,4822
422,4217
422,5640
422,2372
3399,3867
3399,887
3399,5037
3399,3120
3399,142
3399,2559
3399,5864
3399,2006
3399,2152
3399,5807
3399,4174
3399,5273
1862,619
3528,5885
3528,4307
3528,3803
3528,2363
3528,4433
3528,2164
1121,1210
1121,5919
1448,3249
1448,4555
1448,4053
1448,3374
1448,2372
1448,6255
2358,2391
2299,4997
2299,2118
2695,5553
5201,4231
5201,6274
5201,4886
5201,663
5201,2686
5201,1958
5201,744
5434,5248
5434,960
5434,1590
5434,1462
5434,1465
5434,4257
5434,5270
5434,2276
5434,5573
5434,4024
5612,5711
5612,447
5612,5833
5612,1304
5612,3822
956,3249
956,3291
956,1260
535,6168
535,5782
535,5812
535,5944
535,3644
535,1131
535,4558
535,5987
535,5768
535,5127
535,321
3916,4725
454,417
3984,892
1642,3476
1642,93
1642,1555
828,5238
828,3160
5465,3085
3572,2872
3572,151
3572,1192
3572,6065
1396,3390
1951,1923
1951,2994
3178,2
2688,2183
5227,1974
5742,1129
616,1645
616,5030
616,108
616,3660
616,5667
1736,573
4798,1067
1916,3080
6240,1068
3040,5929
3040,546
3040,550
3040,6130
3040,2252
6058,6057
4744,916
3428,2006
3434,3974
4000,5600
4000,3716
4000,4030
4000,2620
4189,4785
2822,2028
2822,4385
2822,3311
2822,785
2822,4456
2822,4549
2822,3469
2822,904
2822,4829
2822,1939
2822,2279
2822,796
2822,8
2822,3223
2822,2508
2822,2075
2822,372
2822,4099
2822,322
2822,2307
2822,5040
2822,2378
2822,3871
2822,3775
2822,2963
2822,606
2822,1670
2822,4743
2822,5457
2822,2000
2822,38
2822,3326
2822,1890
2822,1052
2822,4648
2822,5577
2822,3967
2822,1307
2822,632
2822,1980
2822,5969
2822,27
2822,3164
2822,5715
2822,5164
2822,1681
2822,1851
2822,3240
2822,409
2822,3962
2822,1264
2822,2407
2822,5995
2822,2182
2822,4382
2822,5644
2822,5236
2822,2322
2822,3650
2822,5554
2822,1889
2822,2844
2822,3485
2822,3933
2822,1281
2822,915
2822,5638
2822,2080
2822,4262
2822,1933
2822,662
2822,3010
2822,3883
2822,2381
2822,1756
2822,5725
2822,4453
2822,3357
2822,2174
2822,847
2822,5525
2822,5817
2822,6029
2822,5508
2822,545
2822,3376
2822,530
2822,1062
2822,976
2822,443
2822,6272
2822,4812
2822,2571
2822,1885
2822,6162
2822,5651
2822,5243
2822,3327
2822,6093
2822,5681
2822,845
2822,5645
2822,3925
2822,2016
2822,1949
2822,4172
2822,2898
2822,3997
2822,373
2822,5930
2822,3734
2822,2976
2822,3046
2822,4698
2822,3042
2822,1739
2822,1503
2822,2884
2822,4584
2822,1509
2822,1046
2822,3657
2822,2769
2822,5415
2822,3025
2822,3
2822,3766
2822,271
2822,1620
2822,5824
2822,3570
2822,5625
2822,3589
2822,3009
2822,4951
2822,2700
2822,2511
2822,3630
2822,195
2822,3987
2822,4521
2822,4953
2822,1030
2822,2044
2822,1981
2822,254
2822,2507
2822,5280
2822,4086
2822,2078
2822,2269
2822,1614
2822,5756
2822,774
2822,5482
2822,2789
2822,3740
2822,6262
2822,1374
2822,1677
2822,1438
2822,3289
2822,3471
2822,4222
2822,3926
2822,2630
2822,4806
2822,1928
2822,5514
2822,156
2822,3043
2822,1675
2822,1975
2822,3197
2822,5097
2822,5333
2822,2074
2822,5865
2822,6261
2822,4203
2822,4255
2822,4423
2822,4409
2822,3188
2822,3727
2822,2979
2822,1831
2822,2718
2822,125
2822,4405
2822,4377
2822,4387
2822,5765
2822,6257
2822,3606
2822,4544
2822,2189
2822,5772
2822,1697
2822,3458
2822,1474
2822,1724
2822,2977
2822,1863
2822,173
2822,1101
2822,2944
2822,1197
2822,822
2822,2663
2822,2468
2822,4213
2822,1384
2822,4733
2822,1012
2822,3941
2822,5820
2822,2209
2822,3463
2822,3024
2822,3484
2822,2724
2822,2824
2822,2390
2822,1674
2822,5400
2822,4049
2822,5444
2822,3069
2822,1130
2822,2200
2822,1073
2822,4871
2822,6203
2822,5556
2822,2151
2822,257
2822,5141
2822,3213
2822,5089
2822,412
2822,3307
2822,2784
2822,155
2822,3479
2822,1026
2822,2702
2822,3443
2822,6286
2822,3313
2822,3048
2822,3580
2822,114
2822,4773
2822,261
2822,2692
2822,148
2822,1477
2822,2752
2822,5054
2822,4900
2822,4523
2822,5528
2822,2223
2822,3641
2822,3863
2822,4858
2822,4237
2822,4036
2822,3066
2822,3462
2822,576
2822,5411
2822,4209
2822,2496
2822,2848
2822,3216
2822,4583
2822,3014
2822,2132
2822,4896
2822,450
2822,2195
2822,6137
2822,3505
2822,1912
2822,3809
2822,4946
2822,4767
2822,1415
2822,5669
2822,424
2822,4420
2822,1784
2822,2291
2822,2305
2822,1034
2822,5229
2822,2958
2822,603
2822,5271
2822,5647
2822,3321
2822,1337
2822,5699
2822,1172
2822,2422
2822,5060
2822,5615
2822,5616
2822,4740
2822,789
2822,3364
2822,5041
2822,3864
2822,4833
2822,2051
2822,984
2822,1621
2822,4020
2822,997
2822,72
2822,2520
2822,4810
2822,1513
2822,4238
2822,4517
2822,2706
2822,2620
2822,1879
2822,249
2822,4980
2822,715
2822,5608
2822,4522
2822,5357
2822,4185
2822,934
2822,3666
2822,1134
2822,5160
2822,1027
2822,4370
2822,107
2822,3236
2822,3858
2822,362
2822,954
2822,1838
2822,6056
2822,4899
2822,5686
2822,2999
2822,4361
2822,3689
2822,102
2822,4216
2822,638
2822,5049
2822,3370
2822,3847
2822,2757
2822,5580
2822,3774
2822,2374
2822,4514
2822,5344
2822,924
2822,4820
2822,3885
2822,1995
2822,5026
2822,3012
2822,1207
2822,57
2822,6068
2822,2214
2822,1116
2822,4267
2822,2771
2822,483
2822,5707
2822,652
2822,654
2822,5140
2822,1931
2822,3634
2822,534
2822,3658
2822,658
2822,4551
2822,4550
2822,1387
2822,4158
2822,2682
2822,1774
2822,5231
2822,4963
2822,4964
2822,1074
2822,1071
2822,5876
2822,2940
2822,3579
2822,3437
2822,5892
2822,3064
2822,4790
2822,1402
2822,1669
2822,1694
2822,5135
2822,961
2822,4357
2822,5324
2822,4230
2822,4478
2822,4477
4426,2309
2441,5133
2441,152
2441,3308
2441,1201
2441,3653
2441,5440
2441,4890
2441,3784
2441,6229
2832,3904
3330,5010
3330,4746
3330,5240
3687,6175
5346,2447
4702,3640
4702,3235
4702,6057
5553,3668
5553,629
5553,4292
5553,790
5553,4431
5553,3262
5553,823
5553,2133
5553,216
5553,3593
5553,236
5553,5716
5553,5849
5553,1622
5553,2799
5553,5339
5553,1253
5553,2113
5553,6139
5553,234
5553,4693
5553,5559
5553,1391
5553,529
5553,2246
5553,4290
5553,1343
5553,5260
5553,3549
5553,5064
5553,5512
5553,5000
5553,56
5553,3139
5553,2238
5553,1610
5553,5842
5553,1182
5553,5217
5553,2834
5553,2562
5553,782
5553,3552
5553,1557
5553,1408
5553,269
5553,624
5553,5281
5553,799
5553,2003
5553,3994
5553,5700
5553,6014
5553,4589
5553,3893
5553,1578
5553,807
5553,1289
5553,1125
5553,5055
5553,1518
5553,4745
5553,2149
5553,6199
5553,256
5553,1088
5553,203
5553,3226
5553,5980
5553,1261
5553,637
5553,6055
5553,1195
5553,2937
5553,827
5553,5803
5553,771
5553,2080
5553,1249
5553,818
5553,3929
5553,2504
5553,59
5553,3786
5553,4225
5553,3440
5553,5062
5553,1006
5553,2838
5553,2068
5553,2910
5553,3404
5553,5792
5553,6228
5553,4640
5553,554
5553,5509
5553,6209
5553,2553
5553,1882
5553,5233
5553,5809
5553,2155
5553,3924
5553,1747
5553,461
5553,4029
5553,936
5553,5759
5553,285
5553,5001
5553,2779
5553,3492
5553,1411
5553,3062
5553,816
5553,5111
5553,2597
5553,1366
5553,1489
5553,4884
5553,2722
5553,62
5553,6050
5553,3446
5553,3695
5553,4199
5553,4932
5553,295
5553,146
5553,134
5553,3595
5553,1040
5553,5291
5553,3325
5553,2352
5553,2161
5553,6126
5553,2227
5553,588
5553,167
5553,3331
5553,1816
5553,3455
5553,2657
5553,1820
5553,2427
5553,3001
5553,5601
5553,2043
5553,5924
5553,1137
5553,5702
5553,709
5553,4358
5553,6060
5553,2283
5553,1043
5553,2935
5553,6045
5553,5942
5553,5080
5553,4236
5553,5114
5553,5791
5553,2601
5553,3723
5553,3748
5553,644
5553,3894
5553,4609
5553,5717
5553,2911
5553,5758
5553,428
5553,4423
5553,5776
5553,4161
5553,5535
5553,5035
5553,1563
5553,397
5553,1400
5553,1644
5553,3375
5553,3983
5553,6271
5553,4504
5553,504
5553,1924
5553,1480
5553,708
5553,3021
5553,2712
5553,3051
5553,4706
5553,4559
5553,2672
5553,2443
5553,5939
5553,4987
5553,1787
5553,5904
5553,1450
5553,3337
5553,3473
5553,3365
5553,6246
5553,6227
5553,1559
5553,4113
5553,5108
5553,5084
5553,729
5553,2862
5553,384
5553,5648
5553,3705
5553,5555
5553,4094
5553,2943
5553,42
5553,5137
5553,2985
5553,5379
5553,1234
5553,104
5553,3391
5553,511
5553,2275
5553,2882
5553,5045
5553,4249
5553,257
5553,3530
5553,522
5553,5774
5553,5396
5553,4903
5553,613
5553,1372
5553,4286
5553,1177
5553,552
5553,124
5553,5622
5553,4579
5553,3617
5553,3897
5553,4074
5553,505
5553,4013
5553,5636
5553,6205
5553,4330
5553,577
5553,4430
5553,3850
5553,1302
5553,5048
5553,3066
5553,2865
5553,3958
5553,2805
5553,657
5553,1277
5553,1015
5553,890
5553,4006
5553,1524
5553,4600
5553,4679
5553,2829
5553,856
5553,3220
5553,6129
5553,1419
5553,2059
5553,1850
5553,1819
5553,3646
5553,53
5553,2180
5553,329
5553,2083
5553,2345
5553,738
5553,893
5553,5175
5553,4586
5553,4494
5553,2608
5553,3228
5553,4396
5553,5670
5553,674
5553,4562
5553,2529
5553,2296
5553,4931
5553,1544
5553,1292
5553,2340
5553,1496
5553,2089
5553,4979
5553,3816
5553,3815
5553,5408
5553,2625
5553,555
5553,2809
5553,6011
5553,1522
5553,5489
5553,1239
5553,1242
5553,342
5553,1434
5553,5212
5553,3782
5553,3631
5553,2813
5553,2199
5553,1458
5553,6198
5553,2300
5553,3842
5553,575
5553,572
5553,5431
5553,3076
5553,4854
5553,4853
5553,5086
5553,5087
5553,3596
5553,3529
5553,214
5553,2318
5553,5096
5553,4772
5553,4776
5553,879
5553,1734
5553,5382
5553,2485
5553,455
5553,5168
5553,191
5553,3985
5553,413
5553,5351
5553,3352
5553,5250
5553,5249
5553,2696
5553,1436
5553,4759
5553,5985
5553,5983
5553,5984
5553,2786
5553,5193
5553,230
5553,2801
5553,2852
5553,4755
5553,1741
5553,166
5553,389
5553,3149
5553,3148
5553,3029
5553,3028
5553,3280
5553,4388
5553,162
5553,1758
5553,2207
5553,2250
5553,1367
5553,931
5553,2690
5553,5095
5553,1648
5553,110
5553,1846
5553,1140
5553,1075
5553,5787
5553,2343
5553,3708
5553,2108
5553,2097
5553,2677
5553,405
5553,3456
5553,493
5553,2232
5553,3655
5553,1341
5553,1339
5553,2460
5553,850
5553,360
5553,851
5553,3831
5553,885
5553,3322
5553,5464
5553,2839
5553,1284
5553,2061
5553,3680
5553,4977
5553,5578
5553,5423
5553,737
5553,4399
5553,4401
5553,2772
5553,2491
5553,2754
5553,5587
5553,3717
5553,3238
5553,1336
5553,2072
5553,2096
5553,6097
5553,4235
5553,5289
5553,4894
5553,4378
5553,5009
5553,4686
2557,3757
2557,2429
2557,4234
2557,356
4543,3912
4543,3582
4543,679
4543,4543
4543,5383
1767,126
1767,2760
1767,2497
1767,5424
4807,1170
4807,595
4807,5225
4807,4110
4807,5864
4807,3285
4807,5313
6088,1418
6088,3830
6088,1068
3205,5922
1070,2588
1070,2694
1070,3787
1070,862
1070,4614
1070,4965
1797,5968
2455,2225
1152,5298
1152,5132
1152,370
1152,5951
1152,4169
1152,3271
3757,578
3757,4234
3757,4623
3757,5500
1237,6230
5539,1340
5539,2006
5539,4676
5539,4303
4210,1589
4210,2050
4210,4808
4210,5245
4210,2614
4210,2860
4210,1570
4210,1385
4210,4117
4210,318
4210,1757
4210,2287
4210,5395
4210,1961
4210,227
4210,5266
4210,3105
4210,591
4210,300
4210,1753
4210,3986
4210,2742
4210,5778
4210,966
4210,4509
4210,6063
4210,128
4210,2111
4210,1582
4210,206
4210,3317
4210,3022
4210,636
4210,120
4210,974
4210,4571
4210,46
656,2832
3931,5553
6017,4273
6017,647
6017,3312
6017,5682
6017,3910
6017,2126
6017,703
6017,2907
6017,527
6017,4003
6017,925
6017,3813
6017,4496
6017,3394
6017,875
6017,5138
6017,3843
6017,5701
6017,2866
6017,1802
6017,5081
6017,1800
6017,6157
6017,1500
6017,4052
6017,4525
6017,5073
6017,4236
6017,2536
6017,253
6017,3598
6017,1485
6017,5931
6017,97
6017,2009
6017,5187
6017,2923
6017,1008
6017,589
6017,4616
6017,498
6017,2707
6017,759
6017,2186
6017,3360
6017,901
6017,858
2673,3769
2673,4383
2257,5030
2257,3797
2257,6142
4093,4986
3785,1987
753,5150
753,1170
5360,5272
5360,781
5360,2726
5360,761
5360,3539
5360,4537
5360,123
5360,89
5360,4241
5360,180
5360,198
5360,2989
5360,3903
5360,3342
5360,1449
5360,1368
5360,2699
5360,260
5360,4839
5360,6264
5360,4649
5360,1533
5360,682
5360,2357
5360,481
5360,283
5360,408
5360,5436
5360,4074
5360,5558
5360,1997
5360,4923
5360,1059
5360,883
5360,599
5360,4970
5360,4529
5360,4783
5360,2857
5360,291
5360,4906
5360,3873
5360,1682
5360,4730
5360,2457
5360,3115
4556,2042
4556,833
4556,4857
4556,2749
4556,655
4556,1272
4556,4914
4556,1927
4556,204
4556,1910
4556,2590
139,1977
4834,563
4834,2271
5978,3653
6085,2474
6085,4026
6085,4256
6085,550
2974,1335
2974,5452
16,5884
16,4988
16,436
16,4038
1397,2144
5637,4277
6207,3120
84,5693
84,4885
84,908
5416,4643
5674,892
1945,1102
1824,3653
4958,2166
4958,5183
4958,3662
3143,6175
3143,1223
3495,6175
3495,3769
4260,5968
4260,6164
4260,5335
4260,3755
4260,4553
4260,2629
4260,1504
4260,5200
4260,3316
3976,2822
1859,2292
1859,4613
1859,5729
1859,2703
1859,5267
1859,2007
1859,3969
1859,1599
1859,5125
1859,3684
1859,3585
1859,5677
1859,784
1859,817
1859,30
1859,3489
1859,448
1859,308
1859,5687
1859,2157
1859,2058
1564,600
6281,4779
2576,1377
4436,2250
4436,1367
667,1067
667,6253
5101,1333
5101,6000
5101,2934
5101,3265
5101,3147
5101,5544
5101,795
5101,3449
5101,4044
5101,145
5101,5169
5101,6215
5101,5519
5101,5065
5101,3615
5101,5922
5101,1514
5101,4729
5101,4723
5101,3712
5101,5282
5746,370
5746,4137
5746,6220
3181,6070
3181,1317
2035,4210
5517,5687
4310,4643
1168,3114
1168,4857
1168,194
1168,5200
5445,1744
5445,4134
5445,3319
5174,4168
5174,6242
5174,4883
5174,1370
5174,1200
5174,3274
5174,843
5174,4907
5174,2398
5174,3133
5174,3906
5174,2887
5174,499
5174,2134
5174,5679
5174,5852
5174,2746
5174,5565
5174,221
5174,5145
5174,5246
5174,3751
5174,278
5174,4602
5174,1163
5174,6023
5174,1964
5174,527
5174,2956
5174,4037
5174,5990
5174,5335
5174,4039
5174,2231
5174,6160
5174,5775
5174,5255
5174,864
5174,1864
5174,465
5174,3467
5174,3967
5174,3512
5174,5421
5174,761
5174,2148
5174,6017
5174,1921
5174,2244
5174,3683
5174,5409
5174,2046
5174,4634
5174,2842
5174,3970
5174,3554
5174,3575
5174,1320
5174,617
5174,3843
5174,1316
5174,6287
5174,353
5174,1267
5174,1977
5174,671
5174,5195
5174,1882
5174,1507
5174,848
5174,3625
5174,1532
5174,4601
5174,993
5174,1061
5174,3234
5174,1049
5174,1338
5174,5196
5174,1005
5174,473
5174,4335
5174,2120
5174,4111
5174,5537
5174,2535
5174,5652
5174,2788
5174,5626
5174,2536
5174,1443
5174,2190
5174,6171
5174,208
5174,5085
5174,634
5174,4637
5174,2259
5174,5658
5174,1520
5174,4294
5174,1318
5174,3218
5174,4844
5174,2409
5174,2013
5174,953
5174,5996
5174,1159
5174,6149
5174,3078
5174,2879
5174,3435
5174,95
5174,4850
5174,5558
5174,5636
5174,2384
5174,2747
5174,2551
5174,5979
5174,5732
5174,3626
5174,1008
5174,680
5174,1463
5174,3063
5174,1629
5174,6121
5174,4616
5174,5621
5174,407
5174,4866
5174,1990
5174,3805
5174,2526
5174,3033
5174,2707
5174,5083
5174,4166
5174,4786
5174,5976
5174,1891
5174,898
5174,1686
5174,4045
5174,809
5174,2619
5174,88
456,6074
6012,319
6012,3002
6012,2665
6012,5762
6012,323
6012,5692
6012,3163
6012,5234
6012,2780
6012,3183
6012,2929
6012,1951
6012,2885
6012,2079
6012,2185
6012,5964
6012,490
6012,4663
6012,2084
6012,1678
6012,2651
6012,1695
6012,3065
6012,2414
6012,5332
6012,4312
6012,179
6012,764
6012,3609
6012,3466
6012,4713
6012,1775
6012,2055
6012,494
6012,5182
1428,2006
452,5066
452,1111
3282,3745
503,4659
503,1987
503,3785
503,2025
503,40
5954,2818
5954,6017
5954,149
5954,3843
5954,5146
5954,2951
5954,1768
5954,1081
5954,4317
5954,3013
5954,3007
1602,1887
5873,3332
1607,367
1607,5546
1607,5338
1607,828
1607,240
1607,968
1607,1257
1607,601
1607,630
1607,2675
1607,5103
1607,3269
999,698
999,5800
999,76
999,3083
999,2231
999,5399
999,4314
999,1113
999,5478
999,5977
999,4347
999,1652
999,3683
999,1094
999,808
999,4011
999,1564
999,531
999,2334
999,897
999,3957
999,5013
999,4685
999,2493
999,5493
999,2412
999,6099
999,5479
999,144
999,5822
999,5304
999,3810
999,2651
999,4973
999,5697
999,1482
999,3690
999,1132
999,5685
999,3402
999,4787
999,307
999,400
999,74
999,943
999,2433
999,2294
999,2462
999,1647
999,81
999,1719
999,1654
999,1010
999,2348
999,2242
999,4193
999,5386
999,3427
999,4316
999,3706
999,5558
999,3299
999,4268
999,1350
999,6258
999,2128
999,1395
999,2552
999,136
999,2567
999,4697
999,3632
999,197
999,5011
999,4245
999,2056
999,665
999,3648
999,446
999,3879
999,288
999,5153
2960,2006
5737,5030
5269,2775
1834,2575
6285,803
6285,3171
6285,5506
5461,3120
5461,5052
5461,5921
5461,1429
5461,4044
5461,730
3724,2822
2183,6117
2183,4337
2183,3920
2183,649
2183,5232
2183,3608
2183,13
2183,4629
2183,2510
2183,6197
2183,2744
2183,2176
2183,3674
2183,3258
2183,844
2183,6041
2183,395
2183,5
2183,3800
2183,3700
2183,3150
2183,5265
2183,4707
2183,2817
2183,1019
2183,5999
2183,4536
2183,5368
2183,5056
2183,2938
2183,4188
2183,6027
2183,3946
2183,585
2183,3720
2183,1596
2183,3049
2183,1952
2183,5719
2183,1932
2183,4873
2183,6136
2183,3520
2183,2413
2183,2135
2183,5670
2183,3203
2183,1746
2183,6138
2183,5920
2183,1105
2183,315
2183,4015
2183,3460
2183,5205
2183,3248
2183,2205
4913,6090
4913,4067
573,649
573,3810
573,1025
573,3819
573,4873
573,2127
3102,3769
3251,3904
4057,2271
4057,3359
4057,2442
4057,3095
3789,1223
2588,1615
1296,2006
973,4314
973,3296
973,5441
1829,436
6268,5929
6268,4671
6268,5259
6268,4530
6268,4729
6268,550
6268,980
6268,3536
6268,478
6268,140
6268,3039
6268,2628
6268,5428
4793,3725
4793,3772
4793,5320
4793,2849
4793,5934
4793,3870
4793,5891
4793,5420
4793,870
4793,6012
4793,4632
4793,2122
4793,6152
4793,2717
4793,4536
4793,5902
4793,4012
4793,3387
4793,1197
4793,5620
4793,2714
4793,6120
4793,1217
4793,3956
694,2006
3965,6010
3965,1667
3965,677
4563,5374
4563,5434
1657,5929
1657,0
1657,2099
1657,2445
1657,1405
1657,5606
1657,5853
1657,5564
4437,1066
4437,5185
1655,4513
1655,3699
1655,2254
65,5569
5617,942
5617,3547
4528,5018
4528,1615
4528,4322
4528,2604
4528,5340
4528,4342
4528,1390
4528,1609
4528,5412
4528,5378
4528,6217
4528,3116
4528,4044
4528,5519
4528,4485
4528,5549
4528,277
4528,3282
4528,5693
4528,3140
4528,3152
4528,466
4528,1317
4528,3260
4528,4966
4528,5575
4528,453
4528,1499
4528,4064
4528,33
4528,4748
4528,2791
4528,460
1211,2822
1471,2010
1471,5533
3974,5079
3974,1829
3974,3710
3974,4515
2137,4643
1954,3333
1954,805
1954,4648
1954,5012
1954,4518
1954,1275
1954,5094
1954,3038
1954,1957
1954,6248
1954,2978
6182,5037
6182,1309
909,2448
909,35
292,1667
94,2154
94,550
94,6104
94,2177
94,3849
94,2101
4443,151
4443,4507
4443,398
2362,4210
1943,698
1971,576
1971,1935
1971,2218
111,2351
111,6086
6033,482
564,754
564,4397
564,2013
4660,2749
4414,3275
4414,3762
1378,3120
1378,5872
1378,5277
1378,4966
1378,4983
1378,5573
2324,5251
2840,3553
2840,6266
2840,3557
2840,6100
2840,3652
2840,6103
2840,4738
2840,4207
2155,5610
2155,940
2155,4344
2155,4246
4617,297
3214,3249
3214,2006
3214,3661
3214,1958
3214,2509
5653,6001
5653,130
5653,5286
5653,3783
5653,559
5653,2137
5653,71
5653,4554
6004,331
2565,5968
2024,6208
2024,5905
4719,71
4106,3806
4106,2146
4106,550
4106,251
4106,4966
4106,3794
3457,5174
1900,3572
1900,4067
2304,3820
2304,4318
2304,488
4269,1776
4269,2178
4269,697
4269,892
4269,2825
4269,205
4269,5935
4269,2405
4269,2740
4269,2158
4269,1534
4269,621
4269,1934
4269,3644
4269,5434
4269,2973
4269,736
4269,7
4269,1515
4269,846
4269,6057
4269,4855
4269,5239
4269,3167
4269,5566
4269,20
4269,5840
4269,328
4269,264
4269,2902
4269,4554
4269,4989
4269,1714
4269,5583
3955,5462
3955,1730
3955,977
3955,841
3955,4381
3955,4929
3955,1894
838,3950
838,1127
838,1126
3532,2822
3532,1667
3532,5317
1401,3653
623,3664
623,2350
623,4576
6172,5353
5127,2445
5127,308
5274,512
3784,2900
5071,3376
5071,4067
219,2783
219,4948
219,3037
219,1901
219,4088
219,1145
219,499
219,1592
219,3759
219,2400
219,2610
219,1424
219,5246
219,3765
219,3261
219,299
219,1460
219,4747
219,2430
219,692
219,3036
219,2540
219,4479
219,37
219,5255
219,2646
219,5614
219,4005
219,48
219,5219
219,77
219,5275
219,2396
219,2142
219,4512
219,830
219,2226
219,430
219,1150
219,597
219,3292
219,484
219,2383
219,3477
219,3125
219,2955
219,3246
219,4451
219,1984
219,6094
219,855
219,2271
219,1814
219,1360
219,5105
219,3417
219,1229
219,3825
219,5723
219,1613
219,913
219,1897
219,3672
219,2897
219,458
219,2503
219,4766
219,1680
219,2946
219,3741
219,375
219,2679
219,161
219,5790
219,876
219,3127
219,2837
219,6073
219,3963
219,2853
219,2674
219,2662
219,4050
219,2293
219,2667
219,83
219,5287
219,4261
219,1077
2367,3233
1798,5631
1798,5569
1798,1167
2124,5721
5437,2739
5437,4503
5223,4872
5223,2041
5223,463
5223,3559
5223,330
5223,1154
5223,3298
5223,2532
2858,2004
2858,4402
2858,3476
5036,2908
1176,5030
1454,3572
1454,2739
1454,3088
1454,5927
1332,5030
1332,1158
4327,3490
4327,4252
4327,1205
4327,617
4327,2417
4327,2261
4327,965
4327,3812
4327,3874
4327,4489
4327,158
4327,4312
4327,1940
4327,2208
4327,1481
4327,3494
4327,5558
4327,3857
4327,1490
4327,3975
4327,4926
4327,2392
4327,2459
4327,3707
4327,1409
4327,4681
3438,3761
5107,5183
5107,3572
5107,1227
959,4569
1821,892
1821,1615
229,3507
229,3640
229,2301
229,3615
229,478
4433,4911
3950,4943
3950,4778
3950,4655
3950,1346
3950,6031
3950,3131
3950,5618
3950,3066
3950,4781
3950,3277
625,1305
625,4224
252,1241
252,3504
151,3572
258,2559
6037,2587
5098,365
4952,3487
980,1760
4676,2466
4007,4611
2325,3769
2539,3091
1805,3664
1805,6241
1805,182
1805,2931
1805,3601
4604,698
4604,611
4604,525
4604,5031
4604,5591
4604,6188
4604,865
4604,5266
4604,3347
4604,1389
4604,1486
4604,4489
4604,4707
4604,5982
4604,5859
4604,298
4604,2288
4604,2323
4604,6046
4604,604
4604,3119
4604,1541
4604,5808
4604,1029
4604,914
4604,1974
4604,241
4604,3224
4604,3278
4604,3728
4604,2921
4604,5299
4604,4582
4604,4545
4604,2585
4604,2945
4604,3860
4604,4171
4604,829
4604,2406
4604,3811
2988,5037
22,5121
22,3769
22,5569
22,884
22,1470
22,1785
22,5696
22,3077
22,3410
22,2607
22,4493
22,4051
22,819
22,4320
22,4647
492,3318
492,2964
492,1617
492,5076
492,1754
492,330
492,228
492,2519
492,5989
492,5334
492,4150
492,4628
492,232
492,1983
492,765
492,2873
492,375
492,4033
1576,3769
3536,5018
3536,779
3536,1792
3536,4849
3536,2949
3536,3094
3536,2247
3536,5806
3536,991
3536,2311
3536,2632
3536,700
3536,5125
3536,5804
3536,1937
3536,5905
3536,5452
3536,1748
3536,4439
3536,4331
3536,4935
3536,3214
3536,4407
3536,165
3536,5656
3536,2498
369,5257
4140,1334
5235,5298
5235,4573
5235,2803
5235,5340
5235,5970
5235,1445
5235,2418
5235,5434
5235,1832
5235,5864
5235,2461
5235,5128
5235,3210
5235,421
5235,3233
5235,2240
5235,1750
5235,2319
5235,1958
5235,5688
4087,1618
4087,3757
86,5037
86,732
4552,2034
4552,4588
4552,3249
4552,3314
4552,2782
4552,5014
4552,374
4552,5163
2212,264
3944,3769
5033,1334
4789,418
2738,1286
2738,2006
1334,3123
1334,4276
1334,4538
1334,507
1334,896
1334,268
1334,905
1334,213
1334,2843
1334,4814
1334,5498
1334,1929
1334,5655
1334,4258
1334,5713
1334,3818
1334,3637
1334,64
1334,238
1334,5515
1334,1106
1334,2863
1334,2521
1334,305
1334,1689
1334,2118
1334,5749
1334,4355
1334,3373
1334,4096
1334,2709
1334,2649
1334,4621
1334,5754
1334,2758
1334,1762
1334,458
1334,2774
1334,2847
1334,1543
1334,4938
1334,1979
1334,6232
1334,766
1334,2998
1334,1175
1334,579
1334,6186
364,4503
364,3151
364,4067
4507,2739
348,4066
348,3071
348,2057
348,2505
348,2006
348,5693
348,5322
348,5687
348,5358
348,4748
3227,3769
3227,2788
390,5704
4288,3435
2596,1405
3588,2686
4429,330
344,3286
344,6176
344,3270
344,5598
344,5406
344,4881
344,2982
344,432
344,727
344,4499
344,1478
344,4472
344,2040
344,877
344,320
344,2734
344,972
344,2749
344,1711
344,673
344,2941
344,5118
344,3948
344,1299
344,2787
4445,3653
6260,6175
6260,2247
6260,3905
3084,698
3084,4458
4264,3932
4264,3832
4264,1915
3610,3120
1203,2217
1203,2221
1203,3991
1203,3952
1203,4138
3000,1989
5831,5710
5831,2168
5831,6072
5831,3736
871,4502
871,3706
5785,698
5785,5030
1494,4365
2436,2445
2436,1723
2436,5841
1807,1430
4062,184
478,394
3433,6020
2410,3653
4440,63
4440,4076
4440,2463
4440,5151
4440,4011
4440,4936
4440,3372
4440,1500
4440,119
4440,1019
4440,1359
4440,2115
4440,562
4440,5558
4440,2103
4440,4722
4440,2947
4440,1294
1327,3653
2256,3540
2256,350
2256,788
2256,438
1110,1701
863,5327
863,3233
4901,290
4901,4636
3371,5516
3371,4560
3371,469
3371,793
3371,4668
3371,4422
3371,4824
3371,3168
3371,3548
3371,3999
3371,1452
3371,6194
3371,2404
3371,1622
3371,996
3371,4309
3371,1004
3371,1740
3371,1236
3371,3385
3371,3776
3371,2903
3371,5032
3371,5370
3371,3154
3371,5786
3371,1276
3371,2308
3371,3099
3371,4060
3371,6112
3371,3665
3371,5069
3371,2237
3371,4942
3371,2347
3371,938
3371,3416
3371,5952
3371,4474
3371,18
3371,5346
3371,835
3371,224
3371,515
3371,52
3371,1433
3371,5362
3371,2001
3371,5769
3371,4999
3371,4027
3371,2107
3371,5594
3371,51
3371,1064
3371,5815
3371,3621
3371,4819
3371,3422
3371,6184
3371,3966
3371,6118
3371,4661
3371,6128
3371,5194
3371,4065
3371,2967
3371,4424
3371,695
3371,2382
3371,3184
3371,4887
3371,116
3371,495
3371,1208
3371,3442
3371,1009
3371,1062
3371,3696
3371,2063
3371,1053
3371,3324
3371,5509
3371,2138
3371,3109
3371,5263
3371,1042
3371,4107
3371,6179
3371,5312
3371,178
3371,3061
3371,1665
3371,4115
3371,1530
3371,138
3371,4619
3371,6162
3371,3112
3371,4089
3371,3990
3371,4148
3371,2518
3371,762
3371,415
3371,5793
3371,3881
3371,5167
3371,3954
3371,5868
3371,1510
3371,3288
3371,4080
3371,598
3371,939
3371,5093
3371,868
3371,390
3371,4933
3371,4291
3371,813
3371,2906
3371,4041
3371,3415
3371,1219
3371,1970
3371,3913
3371,1369
3371,3939
3371,1905
3371,2487
3371,4086
3371,2302
3371,2815
3371,6106
3371,970
3371,5404
3371,3869
3371,2927
3371,4239
3371,467
3371,1568
3371,1274
3371,3193
3371,3971
3371,188
3371,1506
3371,1825
3371,3461
3371,286
3371,4925
3371,5551
3371,1363
3371,711
3371,5834
3371,4350
3371,6224
3371,615
3371,2512
3371,109
3371,4944
3371,2090
3371,581
3371,985
3371,5139
3371,4359
3371,5673
3371,5367
3371,5720
3371,60
3371,570
3371,5879
3371,3340
3371,533
3371,952
3371,1047
3371,2909
3371,2984
3371,1442
3371,1455
3371,4720
3371,4421
3371,2359
3371,5388
3371,2653
3371,1197
3371,5752
3371,4827
3371,612
3371,2104
3371,1526
3371,5874
3371,4141
3371,3758
3371,5134
3371,3678
3371,5122
3371,5166
3371,6239
3371,4128
3371,2198
3371,3814
3371,4412
3371,247
3371,4664
3371,1765
3371,2262
3371,489
3371,341
3371,5906
3371,5744
3371,837
3371,1643
3371,5198
3371,1386
3371,6214
3371,2563
3371,4904
3371,1794
3371,4042
3371,5847
3371,6089
3371,85
3371,1414
3371,1124
3371,5665
3371,3733
3371,3895
3371,1054
3371,442
3371,3896
3371,3510
3371,3714
3371,5364
3371,6258
3371,5179
3371,4270
3371,5237
3371,31
3371,889
3371,1459
3371,5499
3371,930
3371,3243
3371,548
3371,4432
3371,5771
3371,1588
3371,4594
3371,5203
3371,1488
3371,5315
3371,3268
3371,3968
3371,4178
3371,5147
3371,574
3371,349
3371,3362
3371,2327
3371,2715
3371,21
3371,756
3371,487
3371,681
3371,5224
3371,1759
3371,4289
3371,4490
3371,5221
3371,2514
3371,5008
3371,3841
3371,2762
3371,5495
3371,1703
3371,115
3371,2114
3371,2251
3371,4811
3371,839
3371,1552
3371,78
3371,4962
3371,791
3371,3947
3371,2623
3371,1841
3371,2875
3371,2876
3371,6119
3371,6283
3371,6147
3371,1692
3371,3035
3371,1902
3371,12
3371,14
3371,3117
3371,1641
3371,4349
3371,1635
3371,3865
3371,2704
3371,5738
3371,68
3371,1085
3371,91
3371,3451
3371,3190
3371,2971
3371,4191
3371,4678
3371,3192
3371,945
3371,1896
3371,1895
3371,922
3371,1206
3371,4847
3371,4848
3371,4068
3371,5477
3371,5476
3371,3578
3371,2996
3371,1303
3371,4974
3371,620
3371,1712
3371,2475
3371,1495
3371,1115
3371,2719
3371,6091
3371,3964
3371,1230
3371,776
3371,5708
3371,3413
3371,1135
3371,2394
3371,716
3371,3209
3371,5059
3371,4610
3371,6062
3371,5293
3371,1399
3371,950
3371,4202
3371,1331
3371,4077
3371,1722
3371,3756
3371,1328
3371,5005
1466,2320
3802,3540
3802,2936
3802,3507
3802,1151
3802,679
3802,4642
3802,3682
3802,550
1695,2533
982,3653
982,4715
4541,331
5841,2179
2523,4044
4856,4394
4856,4667
4856,226
4856,2245
4856,5407
4856,5848
4856,5733
163,3239
1439,202
2627,5968
2627,76
2627,5933
2627,5078
2627,45
2627,5186
2627,5649
2627,1882
2627,3886
2627,3349
2627,3700
2627,5023
2627,425
2627,1190
2627,3561
2627,4125
2627,2115
2627,5158
2627,4624
2627,1822
2627,3348
2627,280
2627,2800
2627,5816
2627,2265
2627,5468
3101,887
3101,4540
3101,3663
3101,1769
2913,4271
2913,382
2486,2684
2486,2022
2486,4915
2486,3293
4753,5573
5520,2445
2414,2749
3053,1615
3053,1031
3053,3839
3053,6191
3053,6256
3053,3904
103,3653
1013,73
5571,330
721,6133
721,1918
721,4984
721,981
263,1749
3710,6170
6116,5963
798,3068
798,1517
798,4898
1297,4151
1297,2993
1297,3653
1297,445
1297,1376
1297,2432
1297,963
1297,2335
3942,3628
3942,5572
3942,4597
3942,3200
3942,2128
3942,3771
179,152
179,383
179,6122
179,5867
179,4492
5912,410
5912,5677
5912,4044
5912,66
5912,4729
5912,6067
5912,4212
5912,3233
5912,2476
780,3371
293,4298
293,4269
699,3476
699,1982
699,2811
699,550
1406,6017
1406,3843
1406,2009
99,2705
99,3165
99,3476
99,891
99,1587
398,4731
398,1967
398,1643
398,1955
398,4391
3056,47
3056,4716
3056,1844
5599,2006
4700,5277
4119,3371
3255,3989
3255,2006
3255,5200
2074,2881
3702,6152
5316,1646
5316,3769
3752,3769
1016,5693
5156,2822
3569,4114
5002,1706
5002,330
5722,3792
5722,1465
5722,608
5297,3786
6192,3854
5352,4442
3937,5030
1039,253
4219,1255
3980,3653
1662,1566
1662,1479
1662,2510
1662,3807
1662,4338
1662,2669
1662,1849
1662,4471
1662,4196
1662,872
1662,1996
1662,5424
1662,1986
1662,4078
2775,100
2775,1716
2775,3645
2775,4149
2775,1151
2775,6193
2775,221
2775,1584
2775,4941
2775,3738
2775,1483
2775,1097
2775,1445
2775,2450
2775,4145
2775,1909
2775,4340
2775,4838
2775,5384
2775,2671
2775,4889
2775,3594
2775,4406
2775,3537
2775,824
2775,258
2775,4398
2775,4047
2775,800
2775,2924
2775,1554
2775,6037
2775,4635
2775,3339
2775,2988
2775,1575
2775,86
2775,742
2775,6127
2775,478
2775,540
2775,1659
2775,386
2775,3788
2775,1221
2775,801
2775,798
2775,1266
2775,683
2775,878
2775,3901
2775,4705
2775,1772
2775,4305
2775,2678
2775,470
2775,1256
2775,5228
2775,309
2775,3335
2775,2895
2775,2756
2775,1118
2775,1212
2775,1093
2775,2736
2775,4880
2775,475
2775,5630
4947,5863
565,5109
565,4898
1360,5680
955,2436
4515,5072
4515,4613
4515,3754
4515,859
4515,4960
4515,4114
1187,1198
1187,4960
5165,1744
5165,873
5165,5687
5165,4459
670,410
670,1103
670,1238
670,6051
5319,1158
1432,1405
1432,1166
1432,3872
4885,2179
2798,5593
3685,3068
3685,4543
3685,1942
4227,563
4227,3859
1569,543
304,698
304,1007
304,2060
3972,2277
3972,659
3972,5491
3972,990
3972,4500
3972,4120
3972,2045
3972,4318
3972,4618
3972,3108
3972,2808
3972,3465
3972,1109
3972,3779
3972,3501
3972,2428
3972,2561
3972,3730
3972,1111
3972,5745
3972,5524
3972,179
3972,2187
3972,2170
3972,233
3972,5589
3972,3538
3199,2609
3199,5855
3199,4485
3199,1169
3199,5268
3981,1837
6153,4696
1321,4133
1169,783
1410,698
1410,3875
1410,1993
1410,4339
1410,3543
1410,5017
5497,6249
4016,1687
4016,4658
1861,1956
1861,5189
1763,5030
2975,5132
2975,3221
2975,863
365,6066
3633,3653
4177,1969
4177,3058
4177,3431
3403,2006
5909,4414
1487,2006
3959,462
3959,4722
3959,2329
3959,2626
3959,2544
3959,2918
3959,2676
3959,2515
3959,5901
4454,5569
2385,778
2239,3371
5199,1791
5199,3795
5199,49
5199,141
2900,4788
2900,917
2273,176
2273,3507
2273,6148
2273,6237
2273,4831
6005,698
5882,6187
4434,6010
4434,1501
1244,3571
1244,4062
1244,4180
4542,229
1464,3769
3204,4611
3159,2006
3098,3058
3098,5914
3098,4565
3098,4187
3098,267
3350,4298
3350,5505
2723,6180
2723,1760
2723,2922
2723,2342
2723,2222
2723,5500
2861,4803
2861,5813
2861,3423
2861,3890
2861,5320
2861,1404
2861,3852
2861,5986
2861,3927
2861,5323
2861,1691
2861,5034
2861,2506
2861,237
2861,1355
2861,250
2861,2317
2861,1639
2861,1065
1212,6218
5124,4336
5124,3328
5124,2613
5124,2589
5124,1752
1705,2240
4073,3159
811,3085
5971,3769
5283,5711
5283,2179
5283,3912
5283,2819
5283,4021
5283,4885
2889,5968
2889,4131
2889,4606
2889,3769
2889,2565
2889,164
2386,2006
4167,5826
3486,340
3486,4157
3486,1371
3486,2033
3486,4470
3486,3432
3486,73
3486,5345
6021,1882
2278,2651
3466,5968
3466,1804
3466,1828
3466,4771
4332,2106
4332,5241
4332,989
4332,4603
4332,2006
4332,5039
4332,5427
4332,1250
4332,5773
4332,1591
4332,2101
4332,5898
4332,1117
4332,4734
4332,1209
3878,4345
3878,2589
3878,719
3878,6181
4695,1972
4695,4994
4695,1892
2732,4260
2732,1068
157,5225
157,5519
157,4898
157,3176
157,402
1194,3878
1194,6173
3118,5076
3513,3653
820,4379
820,1672
820,2385
2008,3383
2008,4298
2008,5327
2008,2948
2008,907
2008,2573
2008,4818
5671,11
5253,3653
1157,3769
5050,4788
3414,5208
4244,3371
3935,5597
3935,5339
3935,433
3935,4909
5838,4788
4072,676
1972,2006
1875,5030
1874,4788
4859,6175
4859,3400
4859,3653
4859,1060
4859,1660
1562,983
6249,4623
3074,2587
3074,1737
3074,4269
1141,5586
1141,1083
1141,2285
1141,4452
1141,6165
1141,5177
1141,4876
1141,5375
1141,3556
1141,3889
1141,5356
1141,231
1141,5828
1141,1556
1141,1627
1141,4100
1141,755
1141,174
1141,5208
2411,3085
1546,6161
5761,177
5761,4637
6071,5192
6071,1651
6071,6003
6071,5801
6071,4282
6071,4232
6071,836
6071,4416
6071,6155
6071,3590
6071,3436
6071,2019
6071,3252
6071,3972
6071,5940
6071,5633
6071,6123
6071,1549
4464,5107
4464,3180
6002,2385
569,2822
2055,4081
3541,5569
5385,5142
5385,2816
5385,2575
5385,4092
539,3737
539,3912
539,2405
539,6200
539,1348
539,4110
539,1131
539,2599
539,1516
539,4888
539,1213
539,2152
539,1709
539,1527
2725,3291
1240,3899
1240,2878
1240,1845
1240,4460
1240,380
1240,4348
1240,650
1240,4240
1240,5307
1240,3368
1240,906
1240,2260
1240,1738
1240,1107
1240,4815
1240,3693
1240,5854
1240,1247
1240,2693
1240,5262
1240,1100
1240,2639
1240,1666
1240,1165
1240,3638
1240,4874
1240,2080
1240,3721
1240,2556
1240,2792
1240,6133
1240,5579
1240,2660
1240,4287
1240,4775
1240,3426
1240,2877
1240,209
1240,3587
1240,4764
1240,713
1240,4585
1240,5894
1240,1727
1240,912
1240,733
1240,4862
1240,706
1240,1690
1240,4450
1240,1497
1240,1078
1240,979
1240,3861
1240,561
1240,4902
1240,720
1240,4870
1240,2634
1240,5851
1240,1867
1240,3790
1240,3780
1240,4052
1240,2330
1240,1973
1240,886
1240,2284
1240,1780
1240,3237
1240,957
1240,3371
1240,590
1240,1155
1240,1992
1240,4625
1240,660
1240,1246
1240,2085
1240,4920
1240,3740
1240,196
1240,763
1240,3193
1240,1426
1240,501
1240,4716
1240,5703
1240,4683
1240,2015
1240,1457
1240,4323
1240,615
1240,5796
1240,4423
1240,2438
1240,1924
1240,4794
1240,2399
1240,3511
1240,1835
1240,2419
1240,5211
1240,3185
1240,6009
1240,5678
1240,1450
1240,5158
1240,5074
1240,1435
1240,612
1240,2129
1240,3824
1240,5526
1240,2147
1240,3498
1240,5242
1240,3080
1240,3172
1240,6244
1240,1045
1240,4662
1240,929
1240,480
1240,212
1240,2175
1240,1884
1240,6163
1240,3011
1240,4865
1240,3100
1240,2633
1240,6018
1240,1731
1240,6233
1240,4804
1240,2077
1240,3341
1240,1251
1240,3921
1240,2026
1240,5254
1240,3066
1240,6154
1240,685
1240,5046
1240,3142
1240,2371
1240,1732
1240,464
1240,3268
1240,3381
1240,1020
1240,2828
1240,2541
1240,2546
1240,1095
1240,2917
1240,2139
1240,2915
1240,1725
1240,3362
1240,3361
1240,215
1240,4816
1240,1735
1240,4122
1240,413
1240,487
1240,336
1240,4591
1240,1128
1240,381
1240,5869
1240,2919
1240,3272
1240,2735
1240,36
1240,39
1240,3146
1240,1626
1240,1022
1240,5279
1240,2052
1240,3392
1240,5414
1240,5568
1240,1491
1240,5466
1240,5451
1240,2047
1240,3097
1240,610
1240,3577
1240,1540
1240,80
1240,2355
1240,3060
1240,3940
1240,1966
1240,2402
1240,3156
1240,3656
1240,2745
1240,2912
1240,1231
1240,3248
1240,3110
1240,3344
1240,2851
1240,355
1240,12
1240,6115
1240,4615
1240,3363
1240,4259
1240,2344
1240,5214
1240,1906
1240,2368
1240,718
1240,2622
1240,4670
1240,3336
1240,5574
1240,1649
393,4277
4233,3371
5602,4788
5602,4976
4160,1032
4160,2247
4160,788
4160,1860
4160,3599
4160,744
1259,2179
34,3519
34,2057
3742,2822
2140,3654
2140,2183
4333,4000
2401,4192
1033,1883
1033,5588
1033,5711
1033,2474
1033,4631
1033,2445
1033,3982
1033,312
1033,1583
1033,2500
1033,5110
1033,5635
1033,2191
1033,4805
1033,1228
1033,4960
1033,3169
3128,725
3128,5711
3128,359
3128,1461
3128,6038
3128,5860
3128,2500
3128,519
3128,5377
3128,1514
3128,5264
3128,153
3128,4457
3128,1781
325,4000
3978,5076
3978,5223
1876,3371
3032,5751
3032,5977
3032,1638
3032,2584
3032,5823
3032,5342
3032,5402
3032,4567
1673,4788
1673,3828
1673,5850
2144,15
544,3769
338,3769
6125,5174
5366,871
2534,5750
5443,5986
5389,3085
4653,3653
5359,1397
3031,550
2333,2822
